Number;FirstData;SecondData;ThirdData;FourthData;FifthData;SixthData;SeventhData;EighthData;FirstSmoothData;SecondSmoothData;ThirdSmoothData;FourthSmoothData;FifthSmoothData;SixthSmoothData;SeventhSmoothData;EighthSmoothData
1;6,65;9,78;9,06;7,36;9,38;9,16;6,55;7,41;7,44;8,03;7,92;7,99;8,47;8,8;8,63;7,84
2;8,61;9,22;8,34;9,59;8,26;6,26;7,25;8,79;7,49;7,95;8,14;8,26;8,39;8,54;8,74;8,06
3;9,69;7;9,46;8,11;6,51;7,07;9,85;9,65;7,26;8,05;8,2;8,37;8,54;8,37;8,81;8,1
4;9,07;8,55;6,74;8,33;7,81;7,99;7,35;9,42;7,42;8,05;8,02;8,53;8,36;8,35;8,49;8,12
5;8,73;6,78;7,8;6,76;8,95;8,42;8,19;6,53;7,51;8,14;7,9;8,36;8,23;8,38;8,48;7,99
6;6,98;7,03;6,5;9,3;9,17;7,69;9,54;8,46;7,61;7,84;7,98;8,29;8,1;8,25;8,11;7,76
7;9,57;9,25;8,98;9,17;9,56;8,26;9,98;7,56;7,78;8,06;8,15;8,15;8,08;8,05;8;8,03
8;8,43;7,27;8,46;7,31;9,36;6,34;6,76;6,32;8,07;8,38;8,15;8,15;8,39;7,81;7,86;8,17
9;6,03;8,48;9,03;7,15;9,75;7,48;6,78;7,22;8,11;8,31;8,15;8,07;8,61;7,85;7,77;8,34
10;8,76;9,88;7,42;7,56;9,21;8,93;9,39;7,18;8,27;8,33;8,44;8,18;8,59;7,67;7,97;8,36
11;9,92;6,16;6,99;7,74;9,65;9,67;7,89;6,02;8,29;8,48;8,56;8,1;8,9;7,34;8,01;8,39
12;6,63;6,24;7,44;7,22;9,5;6,87;8,86;9;8,19;8,67;8,68;8,05;8,99;7,55;7,73;8,1
13;6,94;8,88;7,67;8,05;7,97;6,24;6,82;8,66;8,12;8,62;8,57;7,96;8,73;7,83;7,83;8,04
14;7,89;9,59;6,67;6,97;8,24;6,62;7,68;6,24;7,9;8,57;8,65;7,99;8,76;7,84;7,85;8,06
15;7,05;8,33;9,27;8,21;8,23;7,88;6,33;7,21;7,76;8,37;8,64;8,11;8,76;8,15;7,99;8,07
16;9,38;7,71;8,06;6,03;9,82;9,82;9,61;6,78;7,82;8,42;8,49;8,12;8,5;8,27;8,06;8,25
17;7,33;6,45;9,68;7,67;9,93;8,8;9,65;8,11;7,86;8,26;8,29;8,07;8,49;8,47;8,08;8,09
18;7,43;7,94;7,12;8,54;6,42;9,2;6,85;7,99;7,79;8,14;8,14;8,37;8,34;8,45;8,31;7,99
19;8,22;7,88;8,51;9,99;8,55;9,9;6,15;9,56;8;8,46;7,98;8,38;8,09;8,65;8,27;7,95
20;9,19;7,94;7,67;7,79;9,9;7,39;8,97;8,76;7,84;8,56;7,99;8,54;8,08;8,71;8,08;7,73
21;4,3;6,74;8,3;9,79;9,39;8,72;6,37;6,1;7,75;8,57;8,07;8,33;7,75;8,96;8,17;7,75
22;3,91;8,02;9,71;6,45;7,5;6,81;7,68;6,25;7,4;8,41;7,71;8,16;7,66;8,79;8,39;8,11
23;4,46;6,28;8,61;8,41;7,62;6,8;6,44;6,31;7,1;8,36;7,87;8,03;7,79;8,61;8,04;7,99
24;3,92;7,55;6,04;6,03;8,8;6,61;8,69;9,49;6,89;8,47;7,79;7,7;7,68;8,62;8,33;8,05
25;3,51;6,19;8,42;9;6,58;8,11;7,94;7,81;6,55;8,41;7,7;7,63;7,51;8,47;8,28;8,14
26;4,44;6,92;9,43;6,97;8,48;6,62;6,39;9,37;6,01;8,41;7,82;7,77;7,55;8,28;8,38;8,18
27;4,03;8,6;9,18;6,67;6,97;6,46;8,12;7,44;5,47;8,35;7,81;7,9;7,73;8,18;8,4;8,02
28;3,6;6,67;8,67;6,35;9,89;7,53;8,77;8,73;4,98;8,14;7,67;7,65;7,6;8,21;8,12;8,08
29;4,09;6,81;8,21;7,09;6,55;9,78;7,06;9,8;4,51;8,19;7,76;7,67;7,85;8,11;7,87;8
30;4,46;9,91;7,9;7,62;8,1;6,1;9,44;8,89;4,14;7,82;7,69;7,4;7,62;8,16;8,05;8
31;3,12;3,04;7,65;9,08;8,38;6,25;7,06;6,89;3,63;7,57;7,64;7,67;7,86;7,98;8,11;7,69
32;3,47;3,83;6,55;7,94;6,99;7,71;7,7;7,78;3,64;7,12;7,99;7,87;7,94;7,83;8,11;7,65
33;4,57;3,01;6,27;7,5;10;7,62;9,57;9,34;3,76;6,71;7,68;8,07;8,05;8,05;8,48;7,66
34;4,3;4,31;9,8;7,57;9,4;9,37;8,75;7,89;3,85;6,18;7,89;8,41;8,16;8;8,32;7,6
35;3,69;4,77;6,86;8,79;7,53;8,94;7,17;6,99;3,92;5,97;8,05;8,37;8,29;8,03;7,98;7,58
36;3,28;4,04;8,77;8,33;7,69;6,03;7,91;9,61;3,96;5,69;8;8,17;8,52;8,17;8,18;7,3
37;4,86;3,55;7,18;6,15;7,03;8,25;9,86;7,33;4,16;5,28;8,09;8,09;8,53;8,02;7,92;7,57
38;4,9;4,25;8,63;8,47;8,1;8,81;9,3;8,25;4,15;4,99;8,3;8,01;8,69;7,94;7,86;7,65
39;3,48;4,34;8,85;9,21;6,42;9,09;8,49;9,12;4,16;4,36;8,44;8,26;8,68;7,77;8,22;7,9
40;4,55;3,34;9,43;9,87;7,97;7,53;6,09;8,07;4,09;4,1;8,32;8,56;8,82;7,77;8,17;8,04
41;0,1;3,74;4,17;8,45;9,75;6,5;7,86;7,88;4,23;3,82;8,28;8,64;8,83;7,71;8,21;8,04
42;0,72;4,73;3,48;8,43;6,13;9,61;8,88;8,99;3,84;3,9;7,75;8,28;8,8;7,95;8,29;7,7
43;0,8;3,44;3,01;9,87;9,78;7,79;6,69;9,58;3,45;3,9;7,57;8,26;8,63;7,65;8,12;7,67
44;0,12;3,47;3,79;7,71;6,04;9,88;8,46;6,42;2,98;3,83;6,88;7,99;8,69;7,52;8,22;7,82
45;0,66;3,89;4,21;9,02;7,98;8,01;6,01;8,11;2,61;3,69;6,47;8,12;8,58;7,5;8,32;7,85
46;0,74;3,94;4,58;9,28;8,12;9,42;7,6;9,18;2,32;3,59;6,05;8,14;8,48;7,49;8,2;7,8
47;0,6;4,31;4,12;6,59;8,79;9,66;9,29;6,61;1,89;3,65;5,63;8,24;8,44;7,54;8,49;7,75
48;0,03;3,48;3,36;9,4;7,1;9,78;6,17;8,89;1,56;3,8;5,24;8,42;8,45;7,88;8,63;7,61
49;0,87;3,65;3,12;7,02;7,22;6,24;8,04;8,82;1,15;3,89;4,85;8,05;8,13;8,16;8,34;7,47
50;0,41;4,43;3,04;9,17;9,22;7,01;6,11;9,06;0,85;3,88;4,46;8,12;7,91;8,22;8,15;7,35
51;0,95;4,39;4,28;4,28;6,19;6,26;7,84;8,92;0,43;3,8;4,07;7,88;7,89;8,53;8,14;7,34
52;0,75;3,15;4,19;4,45;7,53;6,67;9,54;8,62;0,51;3,71;4,06;7,64;7,69;8,29;8,17;7,71
53;0,15;4,19;4,22;3,98;7,04;8,86;7,53;8,28;0,49;3,81;4,08;7,25;7,72;8,31;8,14;7,83
54;0,7;4,53;4,21;3,77;7,28;10;9,22;7,65;0,57;3,87;4,16;6,97;7,82;8,34;8,12;7,57
55;0,7;4,33;3,98;3,67;6,79;7,75;9,51;8,86;0,57;3,86;4,17;6,34;7,9;8,13;8,31;7,54
56;0,15;4,3;3,44;3,93;6,99;6,74;6,61;9,88;0,49;3,95;4,06;6,11;8,04;8,2;8,27;7,89
57;0,91;4,66;3,97;4,88;6,68;9,58;8,62;8,05;0,45;3,99;4,17;5,62;8,08;8,04;8,16;7,66
58;0,46;3,84;3,23;3,99;7,1;9,21;7,93;8,55;0,48;3,95;4,1;5,27;8;7,96;8,34;7,57
59;0,35;4,83;4,28;4,87;7,61;7,38;8,71;7,69;0,48;3,99;3,98;5,13;8,17;7,8;8,38;7,43
60;0,48;3,23;3,2;3,48;9,79;8,56;7,45;9,39;0,52;4,02;4,13;4,61;8,2;7,53;8,56;7,4
61;1,3;0,61;3,82;4,97;3,56;8,28;6,9;6,03;0,55;4,12;4,11;4,28;8,27;7,23;8,31;7,62
62;0,24;0,89;3,46;4,05;4,46;7;7,35;7,05;0,53;3,77;4,02;4,21;7,96;7,31;8,01;7,55
63;1,25;0,74;4,05;3,95;3,97;6,64;6,62;7,66;0,62;3,43;4,01;4,17;7,53;7,57;8,01;7,51
64;0,56;0,13;3,61;3,94;4,26;9,72;6,99;8,88;0,61;3,06;3,97;4,11;6,91;7,57;7,79;7,86
65;1,8;0,56;3,24;4,99;4,64;7,07;8,61;8,75;0,56;2,83;3,91;4,26;6,53;7,59;7,6;7,68
66;1,96;0,42;4,45;3,23;3,27;6,3;8,05;6,87;0,74;2,44;3,94;4,19;5,98;7,23;7,72;7,61
67;0,99;0,74;4,53;4,46;3,07;9,53;9,74;7,4;0,89;2,07;3,94;4,21;5,34;7,61;7,6;7,84
68;1,72;0;3,14;3,42;4;9,81;8,26;9,4;0,86;1,73;3,98;4,14;4,96;7,5;7,52;8,03
69;1,12;0,59;3,38;4,76;4,76;6,39;6,12;8,2;0,88;1,29;4,08;4,12;4,49;7,3;7,8;8,16
70;1,73;0,67;3,23;4,08;4,17;8,62;8,4;9,81;1,02;0,95;3,93;4,05;4,15;7,28;7,75;8,44
71;1,56;0,02;3,12;4,6;4,04;3,82;9,86;9,85;1,15;0,52;3,88;4,04;3,65;7,56;7,99;8,2
72;1,85;0,83;4,19;4,44;3,69;3,32;7,13;6,3;1,27;0,51;3,9;4,21;3,64;7,23;7,97;8,01
73;1,9;0,66;4,07;3,38;3,12;4;6,24;7,55;1,32;0,49;3,78;4,19;3,78;6,75;8,19;8,02
74;0,76;0,49;3,32;4,37;3,1;4,01;6,13;7,7;1,27;0,54;3,84;4,22;3,89;6,44;8,14;8,06
75;1,49;0,45;3,66;3,56;4,61;4,99;7,72;9,49;1,37;0,48;3,97;4,13;3,91;6,16;8,08;8,29
76;0,22;0,78;3,94;3,5;3,84;3,84;8,84;8,03;1,28;0,46;3,98;4,09;3,87;5,87;8;8,11
77;0,44;0,43;4,39;3,99;4,2;4,14;7,59;7,25;1,29;0,41;4,01;4,11;3,91;5,18;8,24;7,85
78;0,86;0,05;3,95;3,29;4,1;3,18;8,86;9,4;1,23;0,39;4,06;4,16;3,94;4,82;8,03;7,97
79;0,08;0,94;3,98;4,97;4,55;3,91;9,78;9,26;1,33;0,4;3,95;4,13;4,09;4,69;7,81;7,95
80;0,99;0,15;4,75;3,88;4,84;4,61;7,03;8,82;1,27;0,45;3,99;4,21;4,09;4,33;7,9;7,71
81;4,55;0,35;0,06;4,12;3,71;4,87;3,21;6,09;1,15;0,47;3,92;4,19;4,03;3,75;7,66;7,98
82;4,02;0,53;0,58;4,12;3,71;4,22;3,99;8,33;1,28;0,53;3,62;4,2;3,93;3,79;7,45;8,1
83;4,98;0,49;0,76;3,39;4,69;4,53;3,72;9,19;1,53;0,53;3,33;4,17;3,82;3,71;6,88;8,11
84;4,16;0,41;0,41;4,62;3,06;3,54;4,29;9,87;1,88;0,5;2,95;4,1;3,75;3,74;6,69;8,07
85;4,81;0,25;0,13;3,9;4,75;4,8;4,37;9,88;2,17;0,53;2,57;4,1;3,86;3,7;6,53;8
86;3,04;0,77;0,15;3,04;4,09;3,24;3,78;9,64;2,49;0,54;2,28;4,26;3,88;3,75;6,08;7,9
87;4,87;0,74;0,88;3,96;4,93;4,25;3,6;9,52;2,75;0,57;1,86;4,19;3,86;3,82;5,59;8,11
88;4,42;0,17;0,02;3,68;4,85;3,77;3,38;9,94;3,22;0,56;1,45;4,02;3,93;3,79;5,34;7,79
89;3,76;0,34;0,79;4,36;3,51;3,15;3,22;8,23;3,49;0,58;1,14;3,93;3,91;3,78;5;7,97
90;3,66;0,98;0,07;3,83;4,04;3,18;3,41;8,35;3,7;0,53;0,8;3,88;3,96;3,8;4,59;8,04
91;3,35;0,77;0,82;4,41;3,72;4,13;3,96;3,01;3,99;0,56;0,52;3,86;4,02;3,84;4,28;8,12
92;3,9;0,71;0,28;3,54;4,26;4,83;3,43;3,03;4,15;0,49;0,47;3,84;4,19;3,78;4,23;7,78
93;3,92;0,44;0,74;4,4;3,61;4,41;4,4;3,95;4,2;0,47;0,49;3,82;4,15;3,82;4,12;7,47
94;3,32;1,4;0,17;3,8;3,39;4,98;3,68;4,72;4,28;0,52;0,49;3,9;4,16;3,81;4,01;6,89
95;4,79;1,37;0,87;4,18;3,58;4,7;4,31;3,13;4,26;0,59;0,54;3,94;4,08;3,87;3,87;6,42
96;3,9;0,9;0,78;3,77;3,34;3,76;4,19;3,66;4,3;0,67;0,54;3,94;4,14;3,94;3,87;6,21
97;3,73;1,71;0,18;4,03;4,34;3,03;4,85;4,52;4,29;0,68;0,48;3,98;4,12;3,97;3,75;5,82
98;4,41;1,13;0,32;3,84;3,31;4,18;4,53;4,13;4,26;0,67;0,45;4,14;3,98;3,98;3,69;5,58
99;3,38;0,93;0,15;3,48;3,71;4,28;4,24;4,03;4,26;0,65;0,51;4,19;3,87;3,85;3,75;4,92
100;4,61;1,78;0,32;3,98;4,54;3,95;4,81;4,02;4,29;0,81;0,55;4,11;3,97;3,85;3,66;4,63
101;2,86;1,56;0,47;0,53;4,77;4,47;4,18;3,73;4,39;0,91;0,58;4,06;3,93;3,79;3,73;4,02
102;2,05;1,84;0,23;0,7;3,89;4,08;4,69;4,89;4,04;0,98;0,66;3,63;3,81;3,81;3,76;3,89
103;2,94;0,67;0;0,62;4,93;4,55;4,28;4,76;3,82;1;0,61;3,31;3,8;3,88;3,93;3,81
104;2,26;0,74;0,93;0,26;3,47;4,57;4,45;4,67;3,4;0,97;0,62;2,99;3,71;3,9;3,98;3,73
105;2,68;1,91;0,01;0,57;3,67;3,86;3,99;4,12;3,19;0,93;0,6;2,61;3,74;3,91;4,1;3,85
106;0,49;1,78;0,23;0,58;4,68;4,92;3,35;4,57;3,01;0,9;0,53;2,25;3,68;3,91;4,06;3,85
107;1,18;1,44;0,29;0,47;3,46;3,02;3,1;4,67;2,58;0,95;0,59;1,9;3,81;3,95;4,16;3,74
108;0,74;1,85;0,57;0,93;4,72;4,83;3,88;4,5;2,35;1;0,57;1,5;3,9;3,94;4,2;3,73
109;0,22;0,75;0,69;0,49;4,22;4,03;4,32;4,69;2,21;0,97;0,51;1,13;3,96;4,07;4,11;3,74
110;1,75;1,29;0,68;0,36;4,9;4,74;3,85;3,22;2,14;0,92;0,45;0,8;3,87;4,11;4,15;3,65
111;1,27;0,59;0,05;0,43;4,59;4,33;3,47;3,08;1,78;0,86;0,47;0,49;3,82;4,12;4,07;3,71
112;2,2;1,3;0,62;0,68;4,72;3,88;3;4,66;1,84;0,87;0,42;0,51;3,84;4,04;3,97;3,8
113;0,24;1,32;0,45;0,31;3,45;3,75;3,47;3,21;1,67;0,9;0,48;0,53;3,96;3,97;3,86;3,88
114;1,29;1,07;0,89;0,63;3,32;3,83;4,29;4,31;1,64;0,89;0,44;0,52;3,95;4,05;3,84;3,92
115;2,5;0,63;0,75;0,88;4,3;4,43;4,64;4,88;1,73;0,84;0,44;0,47;3,94;4,05;3,84;3,85
116;1,48;0,49;0,88;0,18;4,32;4,88;3,16;4,57;1,71;0,79;0,45;0,46;3,92;3,9;3,76;3,75
117;2,23;1,5;0,75;0,51;3,75;4,84;4,44;3,25;1,79;0,68;0,39;0,43;3,78;3,84;3,78;3,89
118;1,6;1,05;0,52;0,43;3,21;3,6;4,3;3,81;1,62;0,59;0,45;0,43;3,71;3,93;3,75;3,9
119;0,02;0,94;0,6;0,34;4,91;4,1;4,78;3,44;1,43;0,76;0,5;0,52;3,71;3,86;3,82;3,92
120;0,7;1,03;0,56;0,36;3,48;5;4,22;4,18;1,4;0,71;0,48;0,61;3,78;3,83;3,77;3,95
121;3,48;3,72;0,43;0,27;0,98;4,58;4,62;3,06;1,48;0,67;0,48;0,67;3,86;3,88;3,78;3,98
122;3,01;4,8;1,75;0,33;0,73;4,98;3,29;3,34;1,66;1,01;0,48;0,68;3,52;3,99;3,8;3,87
123;3,42;4,26;1,33;0,66;0,53;3,32;4,79;4,44;1,89;1,37;0,58;0,7;3,1;4,06;3,83;3,78
124;4,45;3,59;0,7;0,96;0,9;3,75;4;3,52;2,38;1,78;0,58;0,65;2,83;4,05;3,86;3,75
125;3,97;3,5;0,48;0,15;0,77;3,24;4,5;4,4;2,43;2,26;0,7;0,73;2,45;4,06;3,71;3,85
126;4,63;4;1,23;0,59;0,39;3,61;3,32;3,75;2,62;2,63;0,75;0,67;2,15;4,07;3,89;3,87
127;4,04;3,54;1,72;0,08;0,27;3,48;4,88;3,15;2,93;2,95;0,93;0,62;1,91;4,06;3,88;3,86
128;3,53;3,05;1,13;0,44;0,97;3,49;4,15;3,23;3,34;3,33;1,05;0,59;1,58;3,9;3,82;3,87
129;4,39;3,43;1,55;0,63;0,65;3,86;3,81;3,13;3,57;3,48;1;0,56;1,21;3,91;3,73;4,01
130;3,12;3,78;0,1;0,9;0,06;4,79;4,86;3,93;3,66;3,7;1,09;0,55;0,81;3,87;3,69;4,07
131;3,15;4,51;0,03;0,68;0,47;4,59;4,83;4,98;3,97;3,95;1,07;0,53;0,43;3,98;3,87;3,99
132;3,91;3,99;0,34;0,02;0,03;3,56;3,98;3,87;3,95;3,95;1,06;0,5;0,43;4,05;3,97;4,04
133;4,1;4,08;0,56;0,76;0,62;3,73;3,72;3,3;4,06;3,83;1,03;0,49;0,48;3,94;3,93;4,12
134;3,64;4,48;0,53;0,15;0,09;4,83;4,79;3,02;3,92;3,8;1,19;0,5;0,5;3,87;3,95;4,2
135;4,59;3,8;1,92;0,36;0,65;4,04;3,93;3,77;4,09;3,74;1,17;0,48;0,55;3,87;4,08;4,19
136;3,01;3,26;1,24;0,42;0,59;4,57;4,34;3,81;4,01;3,82;1,11;0,5;0,6;4,03;3,98;4,27
137;4,33;4,71;1,32;0,3;0,33;3,53;4,42;3,64;3,95;3,81;0,92;0,57;0,57;4,11;3,98;4,16
138;3,53;4,14;1,55;0,5;0,3;3,99;3,2;3,82;3,81;3,8;0,76;0,57;0,57;4,12;4,05;4,11
139;4,2;4,6;1,85;0,38;0,01;4,64;4,38;4,61;3,95;3,78;0,96;0,56;0,6;4,22;4,04;4
140;4,88;4,23;0,03;0,47;0,45;3,76;3,59;4,43;3,92;3,86;1,01;0,56;0,61;4,21;4,21;3,88
141;1,35;4,54;1,7;0,17;0,19;0,3;3,57;4,88;3,74;3,98;1,09;0,54;0,62;4,18;4,09;4,01
142;1,01;3,69;1,08;0,76;0,02;0,27;4,32;3,41;3,55;3,89;1,19;0,53;0,61;3,73;3,98;4,05
143;1,95;4,61;0,59;0,16;0,28;0,59;4,74;4,46;3,23;3,89;1,06;0,5;0,57;3,42;4,09;4,04
144;1,26;3,45;1,11;0,06;0,64;0,92;3,5;4,71;2,9;3,84;1,05;0,54;0,49;3,05;4,01;4,15
145;1,06;3,51;0,52;0,87;0,38;0,51;3,54;4,46;2,48;3,89;0,89;0,49;0,47;2,73;3,95;3,98
146;0,85;4,94;0,51;0,37;0,02;0,99;3,09;3,73;2,11;3,73;1,03;0,45;0,41;2,37;3,94;3,98
147;0,61;4,24;0,9;0,4;0,37;0,4;3,7;3,85;1,77;3,82;1,12;0,45;0,38;1,92;3,85;3,99
148;1,48;4,97;1,95;0,38;0,93;0,61;3,1;3,87;1,56;3,89;1,28;0,51;0,4;1,67;3,82;4,01
149;1,01;3,3;0,21;0,28;0,27;0,7;4,57;4,01;1,16;4,01;1,13;0,53;0,4;1,23;3,93;4,07
150;0,6;4,8;1,38;0,68;0,64;0,46;4,06;3,98;1;4;1,09;0,51;0,33;0,91;3,82;4,11
151;1,87;0,49;1,92;1,42;0,64;0,63;3,81;3,09;0,79;3,98;0,96;0,51;0,34;0,53;3,9;4,01
152;1,97;2,61;0,84;0,14;0,54;0,06;3,5;5;0,72;3,87;0,88;0,64;0,31;0,49;3,97;3,96
153;0,91;1,11;1,2;0,21;0,3;0,27;4,11;3,89;0,68;3,63;0,98;0,76;0,34;0,55;3,89;3,88
154;0,19;2,27;1,85;1,1;0,52;0,62;4,49;4,48;0,78;3,26;0,9;0,75;0,37;0,54;4,04;3,73
155;1,13;2,31;1,93;0,38;0,33;0,36;4,58;4,27;0,92;3,08;0,91;0,81;0,38;0,48;3,94;3,91
156;0,19;2,36;0,39;1,13;0,72;0;4,99;3,51;0,95;2,87;0,78;0,83;0,39;0,38;3,88;3,94
157;0,62;1,42;0,51;1,03;0,04;0,18;4,54;3,18;1,02;2,72;0,85;0,9;0,36;0,42;3,98;3,95
158;0,1;2,2;0,16;0,72;0,13;0,05;4,26;3,02;0,96;2,33;0,76;0,88;0,36;0,42;4,04;3,9
159;0,04;2,23;0,96;1,02;0,5;0,92;3,89;4,37;1,02;2,05;0,8;0,84;0,32;0,45;3,89;3,92
160;0,37;0,47;1,71;1,43;0,66;0,57;4,49;3,25;0,95;1,9;0,74;0,98;0,35;0,52;3,82;3,97
161;2,73;0,32;3,78;1,8;0,94;0,42;0,53;3,23;0,9;1,75;0,72;0,97;0,35;0,5;3,73;4,05
162;2,2;0,36;3,95;0,21;0,31;0,55;0,68;3,99;1,06;1,54;1,15;1,01;0,44;0,56;3,34;3,99
163;2,13;2,37;4,04;1,97;0,12;0,31;0,38;4,3;1,17;1,75;1,38;1;0,41;0,55;3,02;4,09
164;1,8;2,28;3,75;1,39;0,89;0,83;0,85;4,86;1,24;1,73;1,69;1,07;0,37;0,57;2,66;4,18
165;0,32;0,55;3,31;0,41;0,19;0,04;0,53;4,36;1,24;1,65;2,1;1,05;0,36;0,6;2,4;4,09
166;1,12;1,31;3,67;0,69;0,37;0,13;0,72;3,05;1,23;1,76;2,5;1,04;0,38;0,64;2,09;4,01
167;2,32;1,75;3,66;0,32;0,88;0,8;0,83;3,31;1,36;1,63;2,78;1,07;0,39;0,66;1,7;4,01
168;0,95;0,34;3,46;1,61;0,24;0,84;0,9;4,73;1,37;1,59;3,06;1,06;0,39;0,64;1,32;4,16
169;0,33;2,72;4,42;0,21;0,16;0,48;0,82;4,49;1,34;1,51;3,32;1,09;0,46;0,61;1,05;4,09
170;1,98;2,67;3,11;0,74;0,63;0,74;0,78;4,43;1,28;1,43;3,66;0,92;0,46;0,57;0,77;4,06
171;2,33;0,27;3,46;1,48;0,75;0,18;0,95;3,77;1,35;1,19;4,12;0,91;0,47;0,56;0,48;4,08
172;2,23;2,54;3,01;1,23;0,12;0,96;0,15;3,86;1,15;1,31;4,04;0,87;0,41;0,56;0,5;4,14
173;1,9;0,2;4,6;1,97;0,73;0,71;0,53;3,75;1,19;1,1;3,99;0,87;0,39;0,49;0,44;4,06
174;2,49;2,6;3,93;0,29;0,01;0,04;0,92;3,61;1,06;1,1;3,98;0,74;0,44;0,47;0,36;4,06
175;2,35;2,55;3;0,83;0,87;0,67;0,06;3,15;1,07;1,19;4,03;0,73;0,46;0,45;0,4;3,97
176;1,58;2,49;3,81;0,07;0,31;0,02;0,79;3,64;1,26;1,02;3,97;0,73;0,48;0,45;0,43;4,09
177;1,03;1,32;4,31;0,67;0,39;0,32;0,69;4,51;1,18;0,94;3,97;0,68;0,46;0,38;0,43;4,06
178;1,5;2,15;4,75;0,41;0,64;0,31;0,76;3,27;1,38;1,01;3,95;0,65;0,46;0,4;0,45;3,92
179;0,78;1,81;3,97;0,61;0,02;0,77;0,96;4,88;1,43;1,17;4,1;0,6;0,45;0,43;0,49;3,93
180;0,09;1,3;3,46;1,57;0,52;0,59;0,28;4,99;1,68;1,29;4,13;0,68;0,5;0,4;0,5;3,93
181;3,52;4,9;3,77;0;0,76;0,74;0,7;0,67;1,84;1,54;4,01;0,8;0,52;0,45;0,47;3,91
182;3,27;3,89;4,25;0,78;0,4;0,23;0,68;0,03;2,19;1,72;4,09;0,8;0,61;0,41;0,44;3,53
183;4;4,9;4,41;0,75;1,47;0,91;0,03;0,92;2,41;2,07;4,15;0,66;0,76;0,46;0,49;3,24
184;3,61;3,82;4,3;0,92;0,08;0,72;0,49;0,94;2,75;2,4;4,12;0,69;0,74;0,54;0,53;2,91
185;4,83;4,71;4,89;0,76;1,3;0,58;0,86;0,74;2,87;2,44;4,08;0,7;0,72;0,52;0,43;2,67
186;4,39;3,07;3,42;1,8;1,87;0,39;0,42;0,82;3,01;2,83;4,13;0,81;0,65;0,51;0,45;2,26
187;3,28;3,56;3,31;1,76;1,09;0,48;0,04;0,5;3,27;3,24;4,07;0,77;0,66;0,5;0,46;1,98
188;4,63;4,17;3,4;1,01;1,42;0,47;0,08;0,95;3,32;3,47;4,07;0,83;0,71;0,45;0,43;1,7
189;3,33;3,72;4,54;0,36;0,25;0,03;0,87;0,34;3,56;3,54;4,02;0,93;0,84;0,41;0,35;1,39
190;4,6;4,27;3,1;1,79;1,63;0,96;0,47;0,72;3,73;3,58;4,07;0,83;0,86;0,47;0,37;1
191;4,11;4,67;4,68;0,38;0,72;0,03;0,68;0,99;3,75;3,67;4,12;0,73;0,91;0,48;0,38;0,59
192;4,32;3,1;4,31;1,23;1,68;0,01;0,49;0,08;3,84;3,84;4,02;0,61;0,85;0,45;0,45;0,64
193;4,84;4,06;4,67;0,55;1,01;0,25;0,29;0,02;3,73;3,9;3,97;0,7;0,71;0,46;0,46;0,62
194;4,07;4,81;4,64;0,98;1,69;0,19;1;0,04;3,77;3,9;4;0,77;0,86;0,44;0,48;0,54
195;3,87;3,53;4,33;1,23;1,18;0,42;0,97;0,91;3,94;3,93;3,9;0,77;1,01;0,48;0,57;0,53
196;4,88;4,73;4,76;0,36;1,95;0,38;0,05;0,76;3,9;3,79;3,81;0,72;1,1;0,51;0,53;0,5
197;4,94;3,51;4,56;0,17;0,68;0,71;0,62;0,2;3,89;3,66;3,89;0,69;1,15;0,61;0,52;0,52
198;3,09;3,3;4,85;0,93;1,24;0,33;0,95;0,65;4,06;3,79;3,91;0,65;1,04;0,59;0,57;0,5
199;3,65;3,26;3,07;1,72;0,42;0,28;0,56;0,05;4,13;3,91;3,85;0,66;1;0,59;0,56;0,44
200;3,42;4,18;3,76;1,13;1,83;0,28;0,73;0,52;4,11;4,06;3,81;0,83;1,03;0,58;0,55;0,46
201;0,56;4,78;2,64;3,42;1,77;0,61;0,31;0,87;4,28;4,16;3,85;0,81;1,05;0,55;0,6;0,47
202;0,67;3,21;1,36;3,7;0,35;0,89;0,75;0,87;3,82;4,11;3,5;1,25;1,02;0,58;0,54;0,45
203;0,36;4,09;1,38;4,8;1,78;0,27;0,56;0,04;3,53;4,09;3,33;1,57;1,14;0,62;0,53;0,44
204;0,36;3,26;1,53;4,01;0,16;0,93;0,01;0,58;3,17;4,24;3,05;1,81;1,07;0,59;0,5;0,49
205;0,51;4,8;0,89;3,93;0,34;0,17;0,76;0,97;2,71;4,19;2,99;2,14;1,04;0,59;0,47;0,49
206;0,19;3,83;2,96;3,63;0,28;0,13;0,18;0,39;2,5;4,33;2,84;2,44;1,07;0,55;0,48;0,46
207;0,04;5;0,24;4,11;0,67;0,16;0,79;0,02;2,13;4,32;2,57;2,79;1,07;0,51;0,44;0,46
208;0,14;4,67;1,97;4,08;0,8;0,75;0,32;0,94;1,72;4,29;2,33;3,09;1,19;0,54;0,47;0,49
209;0,28;4,97;0,46;3,66;1,9;0,69;0,16;0,62;1,39;4,25;2;3,38;1,13;0,59;0,51;0,55
210;0,89;3,81;2,46;3,45;0,65;0,61;0,81;0,11;1,01;4,19;1,81;3,57;1,13;0,59;0,56;0,53
211;0;1,75;2,39;4,75;1,5;1,76;0,12;0;0,57;4,07;1,57;4,02;1,05;0,56;0,47;0,5
212;0,78;1,89;1,51;3,91;0,66;1,24;0,07;0,39;0,57;3,67;1,71;3,91;1,06;0,71;0,46;0,48
213;0,26;0,42;0,49;3,63;0,94;0,28;0,51;0,88;0,53;3,33;1,58;3,92;0,93;0,75;0,46;0,49
214;0,74;1,23;2,57;4,08;0,78;0,42;0,13;0,08;0,45;2,9;1,62;3,94;0,91;0,79;0,51;0,43
215;0,23;1,37;1,47;3,85;1,08;1,73;0,06;0,01;0,46;2,75;1,55;3,98;0,88;0,92;0,52;0,45
216;0,61;0,12;0,33;3,32;0,41;0,05;0,82;0,12;0,42;2,42;1,53;4,09;0,9;1,04;0,57;0,47
217;0,16;0,44;0,2;4,12;0,02;1,94;0,81;0,99;0,46;2,12;1,47;4,1;1;1,06;0,58;0,41
218;0,09;0,19;1,97;4,11;0,69;0,72;0,42;0;0,45;1,71;1,41;4,07;0,95;1,19;0,58;0,35
219;0,34;0,98;2,13;3,21;0,71;1,3;0,22;0,93;0,39;1,41;1,41;4,02;1;1,28;0,63;0,31
220;0,03;1,95;1,1;4,02;1,05;0,43;0,5;0,98;0,35;1,17;1,31;4,07;0,96;1,39;0,54;0,36
221;3,83;0,77;1,18;4,08;0,59;0,02;0,1;0,86;0,39;0,92;1,25;4,01;1,02;1,43;0,6;0,41
222;4,93;0,95;2,51;3,53;0,11;0,02;0,39;0,03;0,76;0,91;1,37;3,98;0,98;1,27;0,59;0,43
223;3,1;1,18;1,79;4,15;0,43;0,71;0,14;0,46;1,09;0,96;1,39;3,88;1,03;1,21;0,58;0,43
224;4,6;0,23;1,67;4,06;1,61;1,61;0,58;0,36;1,54;0,99;1,5;3,96;1,08;1,2;0,56;0,48
225;4,63;0,98;0,76;3,35;1,7;1,09;0,53;0,88;1,99;0,97;1,47;3,87;1,13;1,15;0,52;0,47
226;3,47;0,76;0,07;3,34;0,64;0,8;0,45;0,35;2,42;0,83;1,49;3,87;1,13;1,12;0,5;0,49
227;4,69;0,6;0,72;3,11;0,07;1,31;0,1;0,46;2,75;0,85;1,43;3,79;1,02;1,16;0,52;0,55
228;4,97;1,63;1,68;4,13;0,83;0,09;0,88;0,19;3,11;0,96;1,58;3,83;1,06;1,11;0,48;0,62
229;4,67;1,77;1,26;4,18;0,92;1,01;0,15;0,47;3,43;1;1,55;3,84;1,03;1,04;0,45;0,62
230;4,29;1,27;0,84;3,65;1,28;1,96;0,91;0,53;3,74;0,88;1,45;3,82;1,08;1,05;0,52;0,61
231;4,3;0,73;1,67;3,51;1,46;1,36;0,8;0,58;3,96;0,84;1,6;3,87;0,99;1,17;0,51;0,61
232;3,24;1,02;0,32;4;0,38;0,88;0,85;0,35;3,95;0,87;1,39;3,84;1,11;1,27;0,59;0,58
233;4,89;0,09;2,04;4,5;0,3;1,56;0,48;0,94;3,92;0,77;1,58;3,99;1,16;1,34;0,57;0,55
234;3,4;0,06;0,08;3,4;0,69;0,43;0,97;0,24;3,82;0,82;1,48;3,86;1,12;1,29;0,53;0,58
235;4,26;0,15;1,56;4,44;0,13;0,18;0,06;0,22;3,81;0,72;1,34;3,87;1,13;1,16;0,51;0,51
236;3,39;1,13;0,83;4,91;1,14;0,88;0,33;0,32;3,69;0,92;1,37;3,82;1,15;1,2;0,49;0,5
237;3,67;1,59;2,95;3,69;0,62;0,35;0,07;0,89;3,66;0,97;1,48;3,82;1,11;1,13;0,51;0,43
238;4,13;1,1;0,75;3,15;0,81;1,55;0,15;0,54;3,72;0,9;1,53;3,78;1,19;1,16;0,46;0,43
239;4,01;1,42;0,46;4,83;1,46;1,06;0,6;0,48;3,83;0,9;1,62;3,89;1,13;1,21;0,41;0,46
240;3,97;1,74;0,96;4,14;0,73;0,53;0,14;0,86;3,9;0,96;1,62;3,88;1,04;1,16;0,39;0,44
241;0,71;2,29;3,4;3,37;3,14;0,94;1,78;0,45;4,02;0,96;1,46;3,73;1,21;1,1;0,4;0,42
242;0,11;0,22;3,23;3,5;3,57;1,53;1,98;0,56;3,69;0,97;1,7;3,79;1,46;1,08;0,42;0,47
243;0,11;2,74;4,55;3,64;3,62;1,01;0,75;0,38;3,38;1,06;1,88;3,62;1,84;1,02;0,46;0,47
244;1;2,84;4,09;4,67;3,69;0,2;0,59;0,62;3,11;1;2,08;3,71;2,18;1,05;0,59;0,44
245;0,19;2,28;3,64;4,62;4,08;1,26;1,38;0,2;2,69;1,21;2,41;3,75;2,31;1,09;0,78;0,51
246;0,72;2,57;3,53;4,29;3,32;0,84;1,37;0,52;2,36;1,04;2,61;3,69;2,48;1,07;0,79;0,51
247;0,29;1,71;4,01;4,05;4,53;0,3;0,27;0,82;2,08;1,03;2,74;3,72;2,87;1,11;0,91;0,56
248;0,98;0,48;3,72;4,67;3,62;1,92;1,44;0,71;1,64;1;2,93;3,69;3,09;1,1;1,1;0,52
249;0,9;1,19;3,19;4,85;4,14;1,24;1,57;0,08;1,22;0,97;3,28;3,7;3,5;0,94;1,19;0,52
250;0,49;1,84;3,97;4,31;4,05;0,21;0,85;0,23;0,89;1,02;3,67;3,65;3,75;0,81;1,29;0,53
251;0,11;1,4;3,51;0,29;4,91;1,16;0,37;0,18;0,53;1,17;3,97;3,69;4;0,75;1,37;0,47
252;0,53;0,04;4,51;2,75;4,75;0,3;1,32;0,3;0,54;1,21;3,99;3,55;3,99;0,68;1,38;0,47
253;0,59;0,44;3,72;1,47;4,93;0,93;0,6;0,21;0,54;1,17;4;3,45;3,96;0,59;1,41;0,5
254;0,01;1,94;3,49;0,23;3,06;1,66;0,42;0,2;0,46;1,37;4,13;3,05;3,94;0,72;1,27;0,49
255;0,9;1,86;4,35;0,14;3,67;1;1,3;0,3;0,5;1,19;4,13;2,88;3,99;0,79;1,09;0,47
256;0,54;1,31;4,83;1,03;4,52;0,44;1,97;0,86;0,49;1,2;4,15;2,64;4,07;0,7;1,17;0,47
257;0,82;1,22;3,68;1,21;4,4;0,05;0,82;0,79;0,49;1,34;4,16;2,49;4,02;0,7;1;0,45
258;0,35;0,66;3,83;0,29;3,61;0,57;0,5;0,13;0,51;1,47;4,02;2,27;4,07;0,69;0,91;0,42
259;0,35;0,99;3,52;1,59;4,45;1,9;0,22;0,71;0,56;1,64;3,94;1,9;3,93;0,7;0,93;0,42
260;0,91;1,48;3,33;0,75;3,47;1,71;1,88;0,97;0,51;1,69;3,99;1,69;3,93;0,77;0,85;0,39
261;1,9;1,37;3,77;2,08;3,76;1,16;0,82;0,11;0,49;1,6;3,95;1,42;3,94;0,7;0,76;0,45
262;0,58;0,28;4,16;1,95;3,14;1,91;1,92;0,15;0,48;1,48;3,92;1,38;4;0,79;0,64;0,45
263;0,25;1,62;3,09;1,5;4,78;0,11;0,16;0,74;0,56;1,51;3,88;1,47;3,99;0,88;0,57;0,47
264;0,14;2,73;3,8;0,24;4,83;1,04;1,7;0,63;0,72;1,24;3,78;1,46;4,07;0,88;0,68;0,43
265;1,29;1,5;3,79;1,46;3,28;1,4;0,24;0,71;0,75;1,28;3,89;1,39;4,13;0,83;0,7;0,47
266;0,81;1,83;4,44;1,23;4,18;0,69;1,4;0,29;0,84;1,29;3,78;1,51;4,11;0,95;0,71;0,43
267;1,07;0,69;3,87;0,05;4,47;1,59;1,81;0,42;0,92;1,13;3,87;1,39;4,23;0,9;0,76;0,4
268;0,54;1,13;4,43;2,95;4,6;1,68;1,62;0,78;0,88;1,09;3,9;1,4;4,1;0,76;0,73;0,46
269;1,7;1,75;4,76;2,49;3,21;0,5;1,17;0,88;0,91;0,8;3,86;1,52;4,21;0,76;0,68;0,51
270;1,45;0,68;4,02;1,82;3,02;0,88;0,33;0,66;1,02;0,66;3,83;1,56;4,27;0,83;0,71;0,57
271;0,58;3,74;4,23;1,6;4;1,47;0,89;0,55;1,18;0,81;3,8;1,66;4,2;0,83;0,67;0,54
272;1,91;3,04;3,67;0,2;3,19;1,59;0,52;1,29;1,25;1,16;3,92;1,56;4,27;0,89;0,79;0,5
273;1,06;3,91;3,14;1,32;4,13;1,1;0,58;0,44;1,18;1,46;3,97;1,47;4,17;0,91;0,93;0,52
274;0,97;3,44;4,83;2,95;3,41;1,02;1,82;0,78;1,05;1,81;3,93;1,52;4,01;0,86;0,92;0,65
275;0,18;3,39;3,64;1,17;3,02;1,81;0,67;0,69;0,95;2,1;3,84;1,58;4,03;0,82;0,99;0,7
276;0,4;3,25;3,9;1,89;3,66;0,26;1,95;1,35;0,9;2,48;3,86;1,36;4,11;0,76;0,91;0,75
277;1,39;4,85;3;2,64;3,46;1,92;0,08;1,65;0,8;2,71;3,74;1,53;3,96;0,77;0,87;0,8
278;1,98;4,87;4,39;0,56;4,68;1,76;1,13;1,06;0,93;3,08;3,78;1,45;3,94;0,93;0,95;0,85
279;1,66;3,01;3,39;2,82;3,2;0,73;1,36;0,47;0,86;3,55;3,85;1,41;3,87;1,03;0,94;0,81
280;1,6;4,32;4,58;1,9;3,97;0,04;1,04;1,88;0,84;3,81;3,86;1,5;3,81;1,05;1;0,73
281;4,95;4,87;1,1;1,63;4,92;3,7;1,59;1,56;0,8;4,05;3,91;1,45;3,75;1,1;1,17;0,76
282;3,8;3,26;1,79;1,92;4,77;4,21;1,8;0,46;1,07;4,15;3,66;1,4;3,66;1,3;1,07;0,82
283;4,57;3,07;1,28;3;3,09;3,42;0,13;1,03;1,37;4,12;3,34;1,35;3,78;1,55;0,92;0,87
284;4,53;3,9;0,83;2,55;4,31;4,83;0,06;1,26;1,8;4,26;3,16;1,33;3,81;1,84;0,84;0,73
285;4,77;3,15;0,79;1,66;3,63;4,5;1,07;0,21;2,29;4,19;2,95;1,46;3,68;2,23;0,8;0,66
286;4,73;4,88;0,17;0,1;3,42;3,77;0,16;0,37;2,53;4,08;2,81;1,44;3,62;2,62;0,92;0,67
287;4,4;3,08;1,26;1,97;3,28;3,28;1,54;1,7;2,82;4,14;2,51;1,43;3,64;3;0,95;0,62
288;4,64;3,8;0,48;2,5;3,51;3,04;0,32;0,22;3,08;4,08;2,16;1,62;3,73;3,21;0,98;0,63
289;4,23;3,58;0,51;2,34;3,91;3,09;0,17;0,76;3,35;4,08;1,77;1,49;3,79;3,42;0,95;0,72
290;4,96;4,74;0,78;1,01;4,2;3,55;1,79;1,42;3,55;4,19;1,34;1,32;3,86;3,67;0,87;0,72
291;3,96;4,16;0,38;2,56;3,97;3,3;0,57;0,85;3,73;4,01;0,98;1,35;3,93;4,08;0,78;0,71
292;3,77;4,7;1,54;2,4;3,53;3,96;0,6;0,59;3,68;3,93;0,83;1,47;3,94;4,01;0,89;0,81
293;3,03;3,54;1,88;0,51;3,73;3,29;0;0,15;3,75;3,99;0,8;1,6;3,87;3,94;1;0,78
294;4,42;3,08;0,91;1,29;3,53;3,57;1,98;1,41;3,64;3,89;0,64;1,62;3,86;3,92;0,97;0,8
295;4,1;4,43;1,9;2,57;4,13;4,36;1,58;0,71;3,47;3,94;0,59;1,62;3,93;3,92;0,92;0,75
296;3,24;4,45;0,54;2,41;4,53;4,95;1,83;0,56;3,61;4,04;0,47;1,86;3,88;3,84;0,75;0,7
297;4,45;4,54;0,36;2,26;3,51;4,02;0,43;1,46;3,72;4,03;0,47;1,67;4,03;3,78;0,73;0,8
298;3,4;4,01;0,49;1,38;3,1;4,58;1,31;1,06;3,65;3,94;0,43;1,6;3,99;3,74;0,62;0,81
299;4,97;3,35;1,27;0,37;4,47;3,64;1,45;0,95;3,75;3,87;0,5;1,71;3,92;3,9;0,63;0,71
300;3,01;4,04;0,26;2,06;4,63;3,8;1,04;1,13;3,89;3,93;0,51;1,86;3,84;3,87;0,57;0,9
301;2,15;0,58;1,21;4,97;0,18;4,48;1,21;0,35;3,88;4,02;0,55;1,69;3,84;3,73;0,61;1,03
302;0,26;0,28;1,16;3,97;2,01;3,81;0,75;1,55;3,78;3,75;0,72;2,01;3,64;3,91;0,58;1,02
303;2,5;0,84;1,57;3,91;0,91;4,41;0,88;1,96;3,41;3,27;0,78;2,05;3,4;3,92;0,52;1,03
304;1,64;0,23;0,62;4,12;1,07;4,75;1,53;1,93;3,3;2,92;0,95;2,46;3,18;4,03;0,56;1,16
305;1,73;0,83;0,94;3,73;1,76;3,6;1,83;1,6;3,13;2,59;0,84;2,57;3,05;4,03;0,74;1,32
306;1,26;0,45;0,08;3,76;2,1;3,32;0,26;0,82;2,92;2,19;0,89;2,68;2,83;3,97;0,73;1,47
307;1,54;0,75;0,76;4,77;1,08;3,57;1,02;0,56;2,68;1,89;0,97;3,07;2,55;3,9;0,71;1,52
308;0,65;0,47;1,73;4,37;0,37;3,07;0,34;0,27;2,58;1,63;1,07;3,32;2,25;3,91;0,82;1,45
309;0,11;0,84;1,74;3,29;0,06;3,23;1,24;1,98;2,17;1,25;1,18;3,56;1,96;3,9;0,85;1,46
310;1,76;0,17;1,43;3,86;0,43;4,3;0,09;1,23;1,84;0,81;1,17;3,77;1,78;3,91;1;1,35
311;1,4;0,16;1,52;3,06;0,03;4;0,03;1,5;1,65;0,46;1,24;4,19;1,69;4;0,96;1,2
312;0,01;0,31;1,02;4,85;0,25;4,3;1,26;0,86;1,43;0,44;1,2;4,16;1,55;3,85;0,95;1,19
313;2,91;0,03;0,93;4,75;1,3;4,73;0,63;0,18;1,68;0,45;1,17;4,29;1,49;3,83;0,91;1,07
314;1,47;0,74;1,69;4,92;0,15;4,02;0,75;0,16;1,71;0,41;1,08;4,23;1,47;3,8;0,96;0,92
315;2,19;0,14;1,59;4,12;0,82;3,71;0,21;0,41;1,62;0,45;1,17;4,23;1,42;3,7;0,79;0,93
316;1,7;0,44;1,08;4,98;0,77;3,71;0,91;1,18;1,61;0,44;1,13;4,3;1,46;3,87;0,84;0,8
317;1,56;0,81;1,95;3,34;0,02;4,79;0,6;0,32;1,64;0,43;1,23;4,15;1,4;3,94;0,91;0,66
318;1,07;0,37;1,24;4,65;2,25;3,12;1,63;1,28;1,68;0,41;1,21;4,16;1,44;4,08;0,93;0,79
319;0,19;0,16;0,42;3,39;1,9;3,51;1,31;0,84;1,76;0,48;1,05;4,08;1,53;4,01;1,02;0,8
320;1,51;0,57;0,43;3,17;1,96;3,83;1,55;1,41;1,63;0,53;1,07;4,07;1,51;4,05;0,93;0,81
321;3,6;0,14;1,22;4,14;1,04;3,02;3,83;1,26;1,66;0,49;0,94;4,12;1,43;3,98;0,82;0,79
322;3,21;0,88;0,01;4,82;2,26;3,29;4,29;0,99;2,09;0,49;0,9;4,02;1,36;4,12;1,19;0,67
323;4,94;0,51;0,91;4,14;1,46;3,63;3,51;1,62;2,17;0,53;1,06;4,04;1,39;4,26;1,59;0,85
324;4,9;0,7;2,79;4,31;2,83;3,7;3,87;0,12;2,36;0,62;1,02;3,92;1,32;4,29;1,86;0,99
325;4,28;0,21;2,07;4,64;1,99;3,42;3,65;1,3;2,78;0,61;1,02;3,96;1,17;4,36;2,19;0,88
326;5;0,28;0,98;4,68;1;4,25;3,81;1,27;2,89;0,7;1,06;3,98;1,11;4,32;2,49;0,95
327;3,37;0,71;2,76;4,71;1,15;3,24;3,56;0,21;3,12;0,68;1,07;4;1,11;4,25;2,75;1,11
328;3,23;0,59;2,2;4,06;0,99;4,85;4,86;0,79;3,24;0,66;1,11;3,98;1,15;4,18;3,03;0,95
329;4,8;0,36;1,45;4,18;0,27;3,17;4,33;1,67;3,51;0,61;1,15;4,09;1,16;4,1;3,24;1,02
330;4,55;0,82;0,78;3,52;1,76;3,58;3,24;1,58;3,97;0,6;1,24;4,08;1,06;4,04;3,64;1,03
331;3,24;4,99;1,55;4,87;0,35;4,44;4,09;0,33;4,29;0,68;1,3;3,92;1;4,11;4;1,09
332;3,84;3,14;0,47;4,28;0,42;4,21;4,08;1,43;4,16;1,04;1,44;3,87;1,14;3,96;4,03;1,07
333;4,54;3,89;0,05;3,3;0,08;4,09;4,06;1,24;4,3;1,3;1,48;3,89;1,13;3,87;4,08;0,95
334;4,56;4,38;0,45;4,91;2,7;3,48;4,67;1,89;4,18;1,69;1,55;4,03;1,35;3,7;4,14;0,95
335;4,63;4,52;2,5;4;1,92;3,15;3,76;0,1;4,13;1,94;1,52;3,92;1,55;3,62;4,13;0,87
336;3,23;4,71;1,37;4,45;1,35;3,85;3,13;0,12;4,23;2,19;1,45;3,89;1,49;3,54;4,08;0,94
337;3,88;4,24;1,26;4,65;2,29;3,71;3,69;1,97;4,08;2,62;1,45;3,95;1,38;3,54;4,08;0,93
338;4,73;4,78;0,49;4,12;2,72;4,77;3,08;1,18;4,08;2,96;1,58;4,01;1,26;3,56;3,9;1,05
339;3,18;4,76;0,88;3,26;2,46;4,09;4,22;1,13;4,13;3,36;1,72;3,86;1,24;3,69;3,87;1
340;3,27;3,23;0,21;3,7;0,25;3,18;3,66;0,8;4,11;3,62;1,83;3,83;1,45;3,8;3,73;1,06
341;1,19;5;0,19;3,69;2,82;3,02;3,4;0,91;4,13;4,02;1,99;3,8;1,42;3,86;3,82;1,12
342;0,46;4,33;1,18;4,56;2,14;3,66;4,36;1,4;3,94;3,93;1,9;3,97;1,44;4,02;3,65;1,23
343;1,8;4,11;1,02;3,54;2,78;3,47;4,85;0,77;3,62;4,06;1,84;3,97;1,56;4,08;3,62;1,37
344;1,79;4,96;0,16;4,44;1,69;3,41;4,26;1,41;3,34;3,98;2,01;3,95;1,34;4,18;3,63;1,27
345;1,67;4,14;2,58;4,38;0,33;4;4,77;1,21;3,04;4,04;2,1;4,02;1,35;4,27;3,65;1,36
346;0,29;4,29;0,5;4,87;2,1;4,67;4,66;1,62;2,69;4,01;2,28;3,91;1,28;4,27;3,79;1,26
347;0,43;4,76;0,42;4,54;2,17;4,39;3,55;1,02;2,41;4;2,14;4;1,29;4,46;3,76;1,15
348;1,94;4,66;1,54;3,59;0,59;4,39;3,81;0,42;2,09;4,05;2,05;3,9;1,27;4,52;3,87;1,05
349;0,65;3,76;0,32;3,02;0,28;4,03;4,32;0,18;1,75;3,97;2,02;3,95;1,23;4,44;3,9;1,09
350;1,42;4,95;0,51;4,5;1,16;3,23;4,43;1,93;1,49;3,98;2,01;3,95;1,2;4,27;4,06;1,12
351;0,66;4,85;1,78;0,29;1,9;0,11;4,97;0,71;1,09;3,98;2,02;4;1,08;4,27;4;1,07
352;0,91;3,65;2,93;1,09;0,81;0,4;3,48;1,25;1,06;4,1;2;3,56;1,04;4,06;4,17;1,05
353;1,28;4,43;0,84;1,78;2,47;1,89;3,52;1,42;0,93;4,12;1,82;3,24;1,07;3,64;4,15;0,89
354;0,22;5;0,79;0,88;1,98;0,49;3,93;1,86;0,9;4,04;1,81;2,91;1,33;3,39;4,1;0,86
355;0,52;4,13;0,04;1,23;0,36;0,41;4,23;0,92;0,78;4,06;1,75;2,51;1,3;2,98;4,13;0,96
356;1,64;3,91;0,86;1,69;2,78;2,52;3,18;0,13;0,78;4,12;1,69;2,25;1,31;2,76;4,11;1
357;1,16;3,12;0,92;1,46;1,47;2,83;3,65;0,96;0,71;3,99;1,79;1,95;1,52;2,27;4,27;1,06
358;0,64;3,9;1,01;0,73;0,51;1,53;3,73;0,81;0,7;4,02;1,67;1,7;1,66;2,01;4,18;1,12
359;0;4,47;1,38;0,42;1,7;2,27;4,98;1,98;0,65;4,13;1,62;1,39;1,84;1,87;4,28;1,07
360;0,29;4,73;0,38;0,71;2,41;1,28;3,82;0,26;0,47;4,21;1,6;1,07;1,85;1,79;4,14;0,98
361;0,43;0,41;3,27;0,49;4,39;1,14;4,56;3,49;0,54;4,11;1,35;0,74;2,06;1,39;4,13;0,89
362;0,26;0,34;4,28;0,28;3,84;2,12;3,36;4,55;0,53;3,66;1,64;0,77;2,35;1,42;3,95;1,22
363;2,76;0,57;4,86;1,23;4,14;0,93;3,21;3,5;0,63;3,26;1,91;0,74;2,56;1,49;3,86;1,56
364;1,82;0,32;3,7;0,58;3,01;2,37;3,86;3,32;0,64;2,94;1,99;0,8;2,6;1,6;3,87;1,89
365;2,38;0,32;3,97;0,05;3,23;2,9;4,32;4,68;0,9;2,6;2,21;0,8;2,83;1,74;3,86;2,08
366;2,85;0,17;4,65;0,28;4,55;0,58;4,66;3,72;0,93;2,24;2,54;0,87;3,24;1,73;3,86;2,41
367;0,67;0,83;4,32;1,88;4,64;2,08;3,3;3,55;1,11;1,91;2,84;0,82;3,31;1,84;3,83;2,8
368;2,66;0,63;4,9;0,57;4,44;1,21;4,81;4,51;1,21;1,49;3,16;0,84;3,53;1,83;3,86;3,09
369;0,3;0,15;3,55;0,67;3,75;1,49;3,77;4,02;1,39;1,06;3,5;0,85;3,66;1,81;3,83;3,4
370;1,25;0,32;4,33;1,36;3,28;1,56;4,56;4,41;1,58;0,66;3,7;0,93;3,8;1,6;3,9;3,63
371;1,29;0,79;3,19;0,71;4,27;0,41;3,49;3,57;1,49;0,35;4,09;0,91;4,07;1,6;3,98;3,99
372;1,28;0,59;4,82;0,49;4,18;1,83;3,04;3,05;1,4;0,43;4,09;1,04;4,02;1,55;4,17;4
373;2,73;0,72;3,95;0,42;3,28;0,64;3,21;3,48;1,36;0,39;4,15;0,99;3,99;1,63;4,28;3,93
374;2,92;0,82;3,52;0,68;3,52;2,4;3,45;5;1,36;0,46;4,28;0,98;4,1;1,53;4,17;3,95
375;1,51;0,85;3,37;0,74;3,91;0,07;4,94;4,64;1,19;0,49;4,44;1,11;3,95;1,48;4,2;3,91
376;1,64;0,47;3,61;1,66;3,74;1,52;4,14;3,76;1,15;0,55;4,35;1,05;4,01;1,42;4,2;3,93
377;2,53;0,34;3,34;1,2;4,23;0,03;4,59;3,75;0,99;0,58;4,32;0,94;4,03;1,31;4,12;3,86
378;0,93;0,72;3,88;1,72;4,62;0,65;3,07;4,65;1,01;0,61;4,38;1,02;3,99;1,27;4,21;3,78
379;2,28;0,78;4,22;0,98;3,58;1,63;4,75;4,25;0,83;0,62;4,27;0,98;4,05;1,31;4,1;3,82
380;2,07;0,04;4,37;0,46;4,39;1,39;3,97;3,57;0,91;0,61;4,23;1;4,12;1,34;4,19;3,83
381;3,83;0,22;4,02;1,66;4,31;1,84;4,83;3,88;0,89;0,56;4,18;1,08;3,97;1,44;4,05;3,96
382;3,86;0,29;3,29;1,86;3,14;2,85;4,4;3,42;1,36;0,55;4,03;0,92;3,93;1,32;3,94;3,98
383;4,44;0,9;3,93;1,6;3,24;1,68;4,68;4,86;1,57;0,53;4,08;0,96;3,89;1,34;3,97;4,08
384;4,42;0,3;4,28;0,34;3,86;0,07;4,51;4,02;2,03;0,48;4,11;0,89;3,78;1,37;4,1;4,2
385;3,39;0,71;4,44;1,05;3,44;1,01;4,48;3,28;2,36;0,48;4,05;0,82;3,86;1,54;4,11;4,18
386;3,73;0,86;3,17;1,96;3,79;2,14;4,69;3,17;2,65;0,42;4,05;0,75;3,85;1,74;4,08;4,18
387;4,73;0,86;4,38;0,84;4,23;0,35;3,03;4,09;3,01;0,43;3,94;0,91;3,91;1,74;4,16;4,15
388;4,46;0,87;3,44;0,03;3,79;1,83;4,8;4,76;3,27;0,44;3,85;0,75;4,02;1,86;4,07;4,22
389;3,99;0,27;3,88;0,17;4,63;0,15;4,25;3,48;3,63;0,44;3,89;0,89;3,99;1,66;4,05;4,2
390;3,53;0,7;4,63;1,19;4,35;1,55;3,09;3,35;3,8;0,46;3,92;0,79;4,01;1,67;4;4,17
391;3,86;1,17;3,62;1,51;4,73;2,63;3,24;4,27;4,07;0,46;3,92;0,83;4,03;1,75;4,08;4,01
392;5;0,79;3,1;0,42;3,69;2,9;4,91;3,35;3,96;0,39;4,03;0,87;4,06;1,63;4,06;3,87
393;3,71;1,25;4,82;1,44;3,76;0,26;4,4;4,26;4,01;0,57;3,97;0,88;4,12;1,6;3,96;3,81
394;4,22;0,24;3,86;0,15;3,43;2,55;3,12;3,85;3,9;0,57;3,83;0,84;4,11;1,47;3,96;3,81
395;4,08;0,08;4,99;1,84;4,43;2,49;3,1;3,41;3,89;0,61;3,77;0,95;4,07;1,23;3,91;3,98
396;3,74;1,53;4,58;1,47;4,06;2,19;3,03;3,97;3,89;0,62;3,72;1,06;3,96;1,07;3,9;3,94
397;4,42;0,05;3,27;1,08;4,98;0,35;4,66;3,87;3,9;0,57;3,79;0,91;4,04;1,12;3,89;3,99
398;4,26;0,99;4,91;0,29;3,68;2,39;4,42;4,22;3,77;0,57;3,82;0,91;4;1,07;3,9;4,07
399;4,72;1,28;3,83;1,01;4,96;0,35;3,34;3,46;3,81;0,62;3,76;0,91;4,05;1,17;4;4,07
400;3,74;1,75;3,14;1,73;4,06;2,61;4,84;4,26;3,78;0,62;3,81;0,97;3,98;1,26;3,85;4,06
401;0,17;1,73;0,55;1,37;3,95;2,08;0,51;3,07;3,95;0,6;3,93;1;3,96;1,14;3,89;4,08
402;0,29;1,49;0,17;2,56;4;1,06;0,21;4,92;3,63;0,62;3,59;1;4,06;1,29;3,78;4,17
403;0,94;0,29;0,45;1,38;3,03;0,87;0,53;4,87;3,28;0,5;3,28;0,98;3,89;1,45;3,49;4,24
404;0,08;1,1;0,2;0,03;3,78;2,37;2,3;3,13;2,91;0,55;3;1,06;3,98;1,42;3,24;4,17
405;0,63;1,29;0,34;0,83;3,83;2,36;2,41;4,03;2,52;0,47;2,65;0,91;4,04;1,62;2,99;4,06
406;0,66;0,66;0,41;0,71;4,65;2,03;1,29;4,03;2,22;0,51;2,34;1,09;4;1,59;2,71;3,97
407;0,24;0,47;0,33;0,9;3,85;2,44;2,34;3,41;1,92;0,67;2,01;1,35;3,97;1,68;2,54;3,83
408;0,32;0,55;0,84;2,97;3,54;1,5;1,61;4,27;1,62;0,75;1,71;1,52;3,98;1,52;2,32;3,76
409;0,91;0,1;0,31;1,41;4,19;2,37;0,16;3,23;1,25;0,83;1,38;1,52;3,97;1,44;2,11;3,72
410;0,21;1,6;0,2;1,63;4,07;0,42;1,38;4,68;0,88;0,96;0,92;1,46;3,9;1,56;2,04;3,84
411;0,15;0,64;0,16;0,16;4,4;1,42;2,09;4,28;0,48;1,14;0,49;1,38;3,91;1,6;1,73;3,92
412;0,9;1,95;0,16;0,41;3,33;2,77;2,95;4,6;0,45;1,27;0,47;1,38;3,89;1,45;1,47;3,78
413;0,74;1,47;0,25;2,42;3,21;0,81;1,14;3,4;0,51;1,26;0,47;1,38;3,99;1,43;1,63;3,86
414;0,51;1,2;0,96;0,91;3,29;0,51;1,46;3,99;0,53;1,2;0,48;1,49;3,96;1,57;1,54;3,85
415;0,5;1,99;0,96;0,17;4,44;2,4;2,63;4,06;0,54;1,31;0,46;1,5;3,89;1,48;1,67;3,77
416;0,36;0,23;0,08;2,3;3,59;2,66;1,7;3,79;0,46;1,37;0,44;1,36;4,01;1,48;1,67;3,86
417;0,75;0,36;0,35;0,92;3,02;0,21;1,65;4,52;0,44;1,36;0,36;1,32;3,9;1,62;1,56;3,85
418;0,96;1,69;0,37;0,79;3,61;1,85;2,39;4,46;0,48;1,29;0,32;1,24;3,83;1,8;1,45;3,92
419;0,84;0;0,74;2;3,72;1,86;2,9;3,56;0,46;1,28;0,39;1,24;3,71;1,9;1,44;3,95
420;0,8;1,33;0,45;0,99;4,19;1,93;1,52;3,75;0,45;1,23;0,45;1,28;3,73;1,73;1,35;3,83
421;3,35;4,77;0,77;0,26;0,96;3,96;0,79;3,18;0,38;1,05;0,42;1,27;3,82;1,68;1,36;3,86
422;4,09;3,62;0,02;0,96;0,58;3,98;1,75;3,6;0,85;1,39;0,43;1,25;3,45;1,97;1,4;3,98
423;3,85;4,2;0,29;0,27;1,88;4,31;2,84;3,52;1,16;1,76;0,42;1,29;3,14;2;1,18;3,86
424;3,65;4,7;0,97;1,83;0,61;4,21;2,62;3,38;1,61;2,09;0,34;1,23;2,88;2,19;1,11;3,9
425;3,37;3,44;0,69;0,76;1,79;3,52;1,59;4,4;1,87;2,3;0,42;1,45;2,56;2,38;1,05;3,9
426;4,38;4,36;0,25;2,25;1,4;3,86;2,56;3,2;2,32;2,54;0,5;1,47;2,25;2,66;1,08;3,87
427;3,47;3,7;0,18;1,1;1,04;4,74;0,13;4,5;2,65;2,84;0,5;1,42;2,07;2,71;1,15;3,95
428;3,84;4,54;0,72;0,26;0,83;4,35;0,7;4,74;3,03;3,24;0,56;1,52;1,8;2,87;1,14;3,81
429;3,31;3,17;0,71;2,89;1,34;4,4;1,05;4,34;3,44;3,5;0,56;1,42;1,47;3,04;1,13;3,84
430;4,43;3,41;0,15;0,7;1,11;4,63;1,82;4,09;3,72;3,84;0,56;1,44;1,21;3,26;1,18;3,89
431;4,03;3,49;0,72;1,83;0,2;3,74;0,84;3,87;4,13;4,17;0,62;1,39;0,93;3,56;1,17;3,78
432;3,77;4,99;0,94;2,76;1,31;3,61;2,81;4,98;4,09;4,08;0,56;1,52;1,05;3,56;1,25;3,79
433;3,17;4,94;0,93;2,37;1,92;3,26;0,44;4,37;4,1;4,04;0,56;1,68;0,98;3,58;1,45;3,85
434;4,39;3,17;0,9;1,56;1,45;4,9;0;3,5;4,02;4,07;0,6;1,75;1,06;3,68;1,49;3,92
435;4,12;3,54;0,54;1,04;0,39;4,48;1,63;4,55;4,04;4,2;0,61;1,62;1,18;3,65;1,52;3,96
436;3,64;4,3;0,04;2,23;1,62;3,56;1,02;4,08;3,95;4,18;0,62;1,61;1,13;3,61;1,63;3,91
437;4,57;4,09;0,45;0,3;0,63;4,28;1,35;3,08;3,93;4,11;0,69;1,7;1,15;3,7;1,61;3,86
438;4,73;4,2;0,16;0,55;1,83;3,61;1,15;5;3,86;4,07;0,61;1,66;1,27;3,65;1,67;3,93
439;4,67;3,38;0,28;1,38;1,43;4,57;0,04;4,69;3,75;4,02;0,62;1,72;1,4;3,72;1,73;3,86
440;4,5;3,6;0,05;2,16;0,01;3,23;1,3;3,52;3,75;3,93;0,56;1,78;1,44;3,87;1,69;3,97
441;0,73;4,52;3,35;1,5;0,95;3,56;2,92;4,94;3,71;3,96;0,58;1,78;1,44;3,91;1,84;3,99
442;0,39;3,27;4,77;2,53;1,73;4,94;2,07;3,19;3,28;3,86;1,03;1,85;1,34;3,93;1,92;3,99
443;0,69;3,69;3,27;1,86;0;3,25;2,9;3,42;2,94;3,92;1,28;1,83;1,37;3,99;1,85;3,94
444;0,33;3,7;4,12;1,49;0,03;4,5;2,71;3,07;2,62;3,94;1,54;1,72;1,26;3,96;1,8;3,78
445;0;3,21;3,06;0,72;0,74;3,37;0,48;4,16;2,37;3,82;1,8;1,59;1,22;4,09;1,88;3,85
446;0,81;4,65;3,56;1,93;1,9;3,2;2,75;3,5;2,09;3,95;2,12;1,68;1,17;4,22;1,87;3,88
447;0,44;3,27;3,14;2,27;1,03;4,09;1,41;3,69;1,72;4,06;2,43;1,65;1,18;4,27;1,68;4,03
448;0,88;3,76;4,46;1,86;0,72;3,25;0,31;3,78;1,38;4,14;2,71;1,57;1,02;4,26;1,78;3,98
449;0,52;3,35;3,86;0,17;1,91;4,29;0,12;3,34;1,16;4,19;3,07;1,5;0,91;4,3;1,71;4,11
450;0,01;3,85;4,92;1,12;1,65;4,39;1,4;3,95;0,86;4,15;3,47;1,62;1;4,27;1,77;4,09
451;0,57;1,16;4,14;4,22;0,35;4,94;1,97;2,65;0,47;4,28;3,78;1,72;1,03;4,2;1,57;4,21
452;0,58;1,09;3,35;3,31;0,12;3,49;0,57;1,56;0,51;3,99;3,64;1,91;1;4,35;1,49;4,01
453;0,53;1,62;3,19;3,58;1,18;4,21;1,71;1,16;0,56;3,8;3,78;2,11;1,03;4,4;1,58;3,88
454;0,77;0,92;3,34;3,31;1,61;4,56;0,25;0,56;0,59;3,57;3,87;2,34;1,02;4,3;1,64;3,8
455;0,77;0,98;3,77;4,83;0,89;3,81;1,08;1,37;0,54;3,41;4;2,71;0,91;4,26;1,57;3,61
456;0,66;0,72;3,92;3,44;0,48;3,01;0,93;1,65;0,5;3,08;3,93;2,84;0,88;4,18;1,45;3,25
457;0,36;1,13;3,17;3,11;0,16;4,46;0,3;0,96;0,52;2,82;4;3,05;0,76;4,13;1,62;3,05
458;0,26;2,51;4,07;3,91;1,2;3,78;2,02;0,74;0,53;2,56;4,09;3,31;0,78;4,19;1,64;2,83
459;0,02;0,12;4,56;4,7;1,68;3,3;2,2;2,26;0,5;2,17;4,01;3,57;0,8;4,21;1,64;2,44
460;0,56;1,31;3,19;4,07;1,6;3,41;2,35;0,61;0,51;2,02;3,96;3,63;0,79;4,27;1,5;2,21
461;1,47;2,84;4,2;4,51;1,15;4,65;0,81;1,52;0,5;1,73;4,03;3,92;0,72;4,27;1,5;1,8
462;1,41;1,49;3,58;3,31;0,84;3,94;0,83;0,27;0,54;1,87;4,2;3,87;0,73;4,16;1,6;1,72
463;1,8;2,88;4,03;3,77;0,83;4,12;1,77;2,75;0,51;1,73;4,24;3,75;0,7;4,2;1,61;1,75
464;0;1,5;4;3,75;0,86;4,55;2,22;1,9;0,48;1,56;4,31;3,75;0,74;4,29;1,82;1,59
465;0,32;2,49;4,28;4,34;1,07;3,71;1,03;0,84;0,59;1,36;4,18;3,68;0,78;4,26;1,74;1,57
466;1,32;0,99;3,51;4,7;0,03;3,52;1,19;1,1;0,58;1,46;4,33;3,69;0,91;4,26;1,86;1,68
467;0,83;0,01;4,51;4,74;1;4,16;1,01;2,78;0,56;1,26;4,25;3,65;0,91;4,31;1,69;1,46
468;0,43;2,44;3,77;4,08;0,77;4,68;0,45;2;0,63;1,12;4,25;3,74;1,04;4,25;1,49;1,41
469;1,62;1,58;4,95;3,24;1,32;3,8;0,64;0,88;0,74;1,25;4,32;3,75;1;4,26;1,59;1,62
470;1,85;0,59;3,26;3,28;1,35;3,67;1,04;0,38;0,84;1,26;4,27;3,81;0,98;4,19;1,66;1,45
471;0,06;2,58;4,41;4,81;0,91;4,08;1,22;0,77;0,86;1,08;4,19;3,73;0,98;4,2;1,82;1,58
472;0,71;0,95;4,14;4,66;0,75;3,15;2,63;1,24;0,96;1,01;3,99;3,77;1,05;4,18;1,83;1,66
473;0,86;2,7;4,28;3,85;1,96;3,57;0,64;2,63;1,06;0,92;3,86;3,84;1,03;4,07;1,61;1,38
474;1,55;1,55;4,08;4,38;0,13;3,64;2,88;0,34;1,08;0,97;3,72;3,97;1,06;4,03;1,35;1,54
475;0,14;0,6;4,75;3,03;0,47;3,54;0,72;1,17;0,96;0,98;3,82;4,06;1,05;4;1,46;1,6
476;1,48;2,4;3,46;3,87;1,25;4,03;0,06;2,78;1,05;1,03;3,8;4,16;1,07;3,99;1,36;1,75
477;1,27;0,11;4,98;4,73;0,25;4,99;2,66;0,59;1,15;1,12;3,79;4,13;1,03;3,88;1,54;1,95
478;1,59;0,02;4,1;4,15;1,43;4,86;1,92;0,02;1,12;1,24;3,8;3,99;0,86;3,9;1,75;2,12
479;0,82;0,56;4,54;4,64;1,05;4,25;2,65;0,39;1,09;1,16;3,77;4,01;0,99;3,73;1,62;1,98
480;1,59;0,67;3,22;4,59;0,29;4,43;1,76;0,7;0,95;1,02;3,92;3,92;1;3,7;1,7;2,07
481;3,73;3,47;0,7;4,29;2,62;3,68;4,2;0,89;1,09;1,13;3,99;4,01;0,9;3,72;1,59;1,89
482;3,02;4,2;0,23;3,54;0,5;4,96;4,31;1,76;1,2;1,39;3,78;3,95;0,97;3,8;1,87;1,93
483;4,88;3,91;0,94;3,55;1,88;3,03;4,71;1,86;1,38;1,8;3,42;3,89;1,09;3,78;2,14;2,21
484;3,85;3,18;0,39;4,61;0,86;3,22;3,46;1,75;1,69;2,21;3,13;3,83;1,14;3,75;2,56;2,13
485;3,89;3,67;0,78;3,91;0,65;4,55;4,55;1,83;2,15;2,52;2,71;3,76;1,27;3,83;2,69;1,99
486;4,21;3,29;0,74;4,81;0,51;3,06;3,8;0,52;2,35;2,64;2,28;3,6;1,28;3,86;2,85;1,96
487;4,41;4,61;0,76;4,1;1,25;4,75;4,17;2,36;2,65;2,94;1,91;3,55;1,33;3,84;3,03;1,77
488;3,01;3,1;0,87;4,83;1,96;3,67;3,13;1,63;2,97;3,14;1,57;3,56;1,35;3,86;3,23;1,54
489;3,83;3,11;0,67;3,14;2,65;4,87;4,31;0,36;3,25;3,36;1,21;3,73;1,45;3,9;3,55;1,6
490;3,42;3,34;0,14;3,28;0,23;3,69;4,85;0,74;3,7;3,6;0,76;3,75;1,52;4;3,67;1,73
491;3,53;3,91;0,53;3,73;0,59;1,57;3,94;2,17;3,89;3,77;0,4;3,76;1,59;4;4;1,83
492;4,67;3,9;0,25;4,92;2,11;0,71;4,62;2,04;4,06;3,9;0,39;3,71;1,41;3,73;3,91;1,59
493;4,97;4,52;0,3;3,63;0,36;0,1;4,38;0,75;4,02;3,78;0,38;3,79;1,42;3,48;3,97;1,52
494;4,02;3,29;0,38;3,75;1;1,45;4,72;2,49;4,05;3,65;0,42;3,7;1,34;3,28;3,97;1,49
495;3,68;3,97;0,35;4,1;0,09;0,15;4,16;1,47;4,01;3,67;0,47;3,7;1,43;2,88;3,99;1,65
496;3,07;4,08;0,83;3,01;2,5;0,56;4;2,64;4,09;3,72;0,5;3,75;1,4;2,53;4,17;1,46
497;3,23;4,78;0,11;3,12;0,48;0,23;4,65;2,46;4,01;3,67;0,5;3,74;1,54;2,29;4,27;1,39
498;3,32;4,86;0,44;4,29;0,04;0,57;3,42;0,7;3,98;3,73;0,47;3,82;1,57;2,04;4,33;1,66
499;4,01;4,01;0,14;3,19;1,03;1,9;4,8;1,21;3,91;3,85;0,5;3,78;1,49;1,76;4,26;1,59
500;3,83;3,23;0,73;3,9;2,07;1,5;3,97;0,53;3,93;3,9;0,56;3,85;1,27;1,47;4,29;1,55
501;1,77;4,15;0,26;0,53;1,19;0,8;3,63;0,46;4,03;4,09;0,48;3,92;1,35;1,19;4,27;1,59
502;0,95;4,51;0,44;0,44;1,26;1,77;4,5;1,71;3,6;3,95;0,49;3,67;1,47;1,21;4,35;1,79
503;0,26;3,21;0,13;0,18;2,2;1,45;3,93;1,24;3,3;3,95;0,49;3,32;1,57;1,14;4,29;1,59
504;0,52;3,14;0,35;0,54;1,52;0,33;4,82;1,93;3,08;4,08;0,53;2,99;1,58;1;4,3;1,48
505;2,73;4,59;0,84;0,54;0,15;0,66;3,23;2,42;2,64;4,24;0,5;2,72;1,33;1;4,29;1,41
506;2,15;3,76;0,58;0,94;2,35;1,54;4,71;1,19;2,28;4,11;0,5;2,39;1,44;1;4,14;1,42
507;1,94;4,31;0,83;0,95;2,55;0,12;4,17;2,93;2,08;4,08;0,58;2,09;1,28;0,98;4,16;1,62
508;2,61;3,69;0,45;0,25;1,81;1,53;4,64;2,85;1,76;3,99;0,6;1,74;1,25;0,97;3,99;1,49
509;2,56;3,08;0,12;0,6;0,23;0,39;4,48;1,56;1,44;3,92;0,63;1,37;1,09;1,02;4,08;1,39
510;0,63;4,28;0,39;0,06;1,82;0,68;4,55;1,18;1,18;4,05;0,57;0,99;1,06;0,95;4,15;1,29
511;1,1;0,47;0,15;0,73;2,13;1,83;4,61;0,94;0,98;3,9;0,57;0,55;0,96;0,83;4,07;1,4
512;0,65;0,25;0,58;0,29;1,43;1,75;4,4;0,28;1,1;3,65;0,55;0,47;0,87;0,78;3,96;1,4
513;2,86;1,78;0;0,02;2,33;1,24;3,38;1,08;1,32;3,42;0,63;0,4;0,88;0,78;3,96;1,42
514;2,31;0,5;0,37;0,63;2,43;1,81;3,28;2,33;1,17;3,12;0,59;0,43;0,84;0,82;4;1,63
515;1,03;0,04;0,92;0,28;1,94;0,95;4,01;1,14;1,25;2,77;0,58;0,46;0,86;0,85;4,03;1,66
516;0,99;0,52;0,83;0,19;0,03;0,54;3,39;1,28;1,33;2,62;0,61;0,48;0,71;1,01;4,08;1,75
517;1,35;0,93;0,64;0,52;0,24;1,78;4,3;2,17;1,21;2,39;0,59;0,47;0,94;1,05;3,99;1,64
518;0,13;1,34;0,8;0,55;0,31;1,03;4,49;1,69;1,33;2,06;0,6;0,48;0,9;1,1;4,13;1,67
519;2,43;1,32;0,12;0,89;2,71;1,95;3,1;2,87;1,31;1,8;0,51;0,49;0,88;1,12;4,08;1,81
520;1,91;0,65;0,43;0,44;1,35;0,95;3,03;2,89;1,22;1,34;0,51;0,48;1,01;1,08;4,14;1,86
521;3,15;0,07;1,71;0,35;0,67;0,27;3,97;2,78;1,26;1,17;0,56;0,5;1,06;1,16;4,08;1,75
522;4,81;0,96;1,86;0,85;0,45;1,89;3,17;1,77;1,52;1,13;0,67;0,52;1,21;1,19;4,04;1,55
523;4,76;0,93;1,73;0,21;2,67;1,51;3,44;2,05;1,76;1,12;0,64;0,59;1,19;1,31;4,04;1,54
524;4,44;0,8;1,2;0,62;2,54;1,03;4,16;1,87;2,05;1,02;0,71;0,6;1,33;1,41;4,01;1,44
525;3,94;0,9;0,62;0,06;1,58;0,51;4,36;2,66;2,4;0,88;0,67;0,57;1,5;1,42;3,94;1,26
526;3,5;1,53;0,09;0,32;2,84;0,49;3,03;1,62;2,59;0,71;0,74;0,51;1,45;1,28;3,91;1,33
527;3,85;1,27;0,21;0,04;2,77;0,41;4,77;1,12;3,07;0,67;0,79;0,53;1,31;1,26;3,88;1,3
528;3,39;0,5;1,83;0,8;0,57;0,59;3,01;0,47;3,25;0,74;0,75;0,52;1,43;1,24;3,9;1,25
529;3,87;1,41;1,54;0,76;0,39;1,66;4,11;2,53;3,66;0,67;0,83;0,44;1,72;1,26;3,91;1,32
530;3,39;0,8;0,86;0,04;1,16;0,81;4,91;2,41;3,91;0,81;1;0,44;1,75;1,34;3,86;1,18
531;4,56;1,84;1,5;0,84;2,81;1,92;3,36;1,07;3,94;0,65;0,94;0,47;1,68;1,27;4,02;1,06
532;4,31;0,05;1,99;0,45;1,72;0,88;4,17;1,47;4,02;0,75;0,96;0,44;1,77;1,28;4,12;1,2
533;4,85;0,4;1,3;0,69;0,57;0,84;3,6;0,63;3,99;0,75;0,99;0,42;1,76;1,18;4,19;1,17
534;4,79;0,17;1,03;0,44;0,41;0,34;3,73;2,43;4,1;0,81;1,03;0,45;1,56;1,06;4,13;1,12
535;4,03;1,66;0,02;0,45;1,53;1,61;4,48;1,74;4,02;0,95;1,1;0,45;1,46;1,13;4,13;1,28
536;4,91;0,15;1,07;0,14;0,79;0,94;3,46;2,66;4,09;1,04;0,96;0,45;1,6;1,21;4,14;1,32
537;4,91;1,2;1,43;0,99;1,8;1,29;3,97;0,92;3,96;1,15;1;0,46;1,73;1,15;4,08;1,55
538;3,82;1,46;0,32;0,42;0,92;0,96;4,19;2,57;4,12;1,24;1,1;0,5;1,82;1,17;4,07;1,59
539;3,41;0,5;0,38;0,91;0,74;0,91;4,07;0,47;4,02;1,28;1,19;0,59;1,68;1,04;4,04;1,5
540;3,26;0,49;0,53;0,77;0,27;0,03;3,46;2,44;4,1;1,27;1,03;0,58;1,56;0,95;4,05;1,68
541;1,73;2,66;0,22;0,75;4,76;1,15;3,68;3,82;4,16;1,47;1,03;0,58;1,75;0,97;3,89;1,68
542;1,28;0,18;1,59;0,14;4,89;1,87;4,23;3,55;3,79;1,49;0,86;0,61;1,92;0,88;3,88;1,94
543;0,14;1,12;1,51;0,16;4,91;1,44;4,66;3,07;3,44;1,59;0,89;0,6;2,04;1,01;3,95;2,38
544;0,23;2,45;1,61;0,44;3,15;0,39;4,17;3,73;3,16;1,54;0,92;0,56;2,46;1,11;3,96;2,69
545;0,65;2,03;1,13;0,93;3,2;1,03;4,6;3,76;2,9;1,43;0,91;0,52;2,79;1,09;3,98;2,83
546;0,3;0,9;0,01;0,29;4,37;0,9;4,02;4,79;2,7;1,36;1;0,6;2,96;1,1;4,05;2,98
547;0,43;1,11;0,39;0,29;3,83;1,26;4,34;3,89;2,35;1,21;0,99;0,61;3,05;1,16;4,07;3,17
548;1,7;0,05;1,76;0,16;4,61;0,26;4,82;3,54;1,9;1,31;0,88;0,6;3,14;1,16;3,92;3,3
549;0,76;2,13;0,48;0,32;3,16;0,79;3,12;3,09;1,62;1,34;0,82;0,53;3,35;1,22;3,85;3,45
550;1,53;1,07;1,24;0,23;4,17;0,57;3,83;3,89;1,25;1,4;0,92;0,57;3,63;1,23;3,85;3,56
551;0,9;0,18;0,63;3,97;4,41;1,44;4,69;4,98;0,92;1,45;1,04;0,52;3,9;1,22;3,98;4,02
552;1,81;1,47;1,16;3,36;4,49;1,16;4,71;3,79;0,94;1,46;1,21;0,97;3,76;1,2;3,86;3,91
553;0,99;2,5;1,55;3,71;3,49;1,96;4,04;3,39;0,86;1,29;1,17;1,34;3,89;1,08;3,74;3,77
554;1,55;2,98;0,07;3,13;4,34;1,71;4,68;4,99;0,82;1,28;1,1;1,66;3,82;1,04;3,77;3,78
555;0,55;0,14;0,93;3,43;3,09;1,27;3,66;4,39;0,87;1,52;1,03;2,05;3,84;0,94;3,79;3,75
556;0,72;0,91;0,6;3,51;4,81;0,32;3,7;3,79;0,83;1,54;1,03;2,44;3,87;0,91;3,67;3,82
557;1,24;1,18;0,61;3,46;4,8;1,56;3,26;4,02;0,84;1,65;0,89;2,81;3,87;0,82;3,84;3,65
558;1,62;0,79;0,89;4,73;4,58;1,16;4,36;4,11;0,91;1,49;1,02;3,06;4,02;0,71;4,02;3,76
559;1,72;2,04;1,64;4,61;3,13;1,89;4,67;3,76;0,89;1,55;1,05;3,45;4,06;0,67;4,11;3,82
560;0,09;2,71;1,55;3,95;4,71;1,41;4,48;4,96;0,87;1,35;0,96;3,82;4,25;0,76;3,99;3,77
561;0,46;0,92;3,57;3,15;4,15;1,64;0,44;3,07;0,94;1,34;0,98;4,13;4,14;0,74;3,92;3,71
562;1,64;0,04;4,95;3,98;3,26;0,5;1,76;4,13;0,89;1,25;1,17;4,09;4,15;0,71;3,66;3,79
563;1,59;1,28;3,71;3,63;3,23;2,75;0,15;4,81;1,16;1,24;1,57;4,12;4,03;0,78;3,49;3,97
564;1,16;2,07;4,62;4,26;3,84;1,14;1,23;3,95;1,16;1,33;1,88;4,17;4,05;0,91;3,08;3,95
565;1,23;1,49;4,95;3,81;4,07;2,01;0,83;4,61;1;1,13;2,35;4,24;4,02;1,19;2,81;3,89
566;1,87;0,15;3,78;4,09;3,25;1,37;1,44;4,67;0,89;1,27;2,69;4,19;3,96;1,3;2,67;3,77
567;2,77;1,65;3,91;4,79;3,67;0,49;1,48;4,31;0,98;1,38;3;4,17;4,09;1,33;2,18;3,91
568;1,73;1,29;4,51;4,81;3,9;0,28;1,78;3,65;1,06;1,49;3,28;4,2;4,1;1,28;1,87;3,85
569;1,72;2,89;4,75;4,94;4,24;0,36;0,89;4,47;1,08;1,5;3,44;4,17;4,18;1,26;1,63;3,83
570;1,15;0,65;4,43;3,77;3,05;0,38;1;4,88;1,28;1,53;3,77;4,2;4,09;1,29;1,44;3,98
571;1,7;4,9;3,37;3,16;3,78;0,06;1,24;4,3;1,28;1,52;4,06;4,3;4,09;1,48;1,08;3,87
572;0,52;4,71;3,88;4,89;3,44;1,67;0,49;4,46;1,24;1,74;4,13;4,27;4,24;1,47;1,16;3,78
573;0,73;3,34;4,17;4,93;4,77;2,48;0;4,56;1,03;2,11;4,01;4,31;4,29;1,51;1,09;3,76
574;0,95;4,3;3,92;3,37;3,51;2,13;1,06;4,41;0,98;2,39;4;4,26;4,22;1,41;1,23;3,75
575;1,24;3,53;3,58;4,09;4,21;2,78;0,66;4,4;1,03;2,78;3,87;4,12;4,11;1,32;1,12;3,78
576;2,25;4,39;4,4;4,31;4,48;1,65;0,42;4,39;1,22;3,03;3,76;4,13;4,26;1,33;1,01;3,86
577;2,63;4,69;4,54;3,64;3,07;0,64;1,02;4,32;1,26;3,17;3,79;4,04;4,11;1,45;1,2;3,73
578;0,55;3,37;3,35;3,85;3,81;2,83;1,43;3,85;1,14;3,27;3,83;4,06;3,98;1,65;1,13;3,83
579;0,78;4,23;4,39;3,36;3,45;1,85;0,38;3,06;1,35;3,42;3,98;4,17;3,98;1,7;0,98;3,93
580;2,3;4,33;3,78;4,34;3,7;2,18;1,87;4,16;1,2;3,72;4,06;4,18;3,93;1,55;0,92;3,96
581;3,89;3,21;4,06;3,96;3,17;2,55;0,87;3,21;1,38;3,96;4;4,12;3,85;1,38;0,92;4,1
582;4,4;4,07;4,48;4,53;3,66;0,34;1,29;4,99;1,79;3,96;3,98;4,16;3,82;1,48;0,92;4,12
583;4,5;4,57;4,81;3,06;4,93;0,35;1,39;4,19;2,2;3,88;3,97;4,1;3,73;1,61;1;4,07
584;3,28;4,17;3,13;4,04;4,49;1,5;1,62;4,01;2,53;3,83;4,03;4,04;3,84;1,62;0,83;4,12
585;4,21;3,19;3,28;3,15;4,13;1,78;0,31;3,27;2,79;3,8;4;4,12;3,96;1,59;0,83;4,29
586;3,66;3,35;4,26;3,17;4,6;2,03;0,84;3,75;2,99;3,77;4,04;4,17;3,98;1,62;0,85;4,3
587;4,39;4,97;3,97;3,11;4,31;1,54;1,25;4,01;3,28;3,83;4,01;4,17;4,02;1,48;0,85;4,46
588;3,16;3,14;4,18;4,38;4,21;0,91;1,99;3,62;3,68;3,98;3,88;4,19;4,03;1,35;0,85;4,36
589;3,19;3,7;4,33;3,87;3,8;1,09;0,69;4,46;3,77;3,97;3,85;4,05;3,99;1,55;1,01;4,39
590;3,1;3,82;4,96;4,39;3,25;1,67;0,91;4,07;4,1;3,92;3,85;3,9;4,06;1,75;0,97;4,38
591;3,42;3,67;3,71;4,26;3,89;0,62;1,42;3,63;4,23;3,9;3,79;3,87;4,24;1,71;1,15;4,43
592;4,1;3,82;4,89;3,91;4,94;2,16;1,9;4,34;4,1;3,9;3,75;3,82;4,2;1,82;1,13;4,42
593;4,73;3,13;4,37;3,84;3,95;2,01;0,23;3,47;3,95;4;3,86;3,87;4,32;1,69;1,13;4,4
594;4,8;3,42;3,25;4,86;4,76;2,75;0,11;4,93;3,99;3,94;3,69;3,92;4,29;1,54;1,29;4,34
595;3,99;3,04;3,25;4,45;4,03;2,2;1,35;4,57;4,14;3,92;3,73;3,88;4,24;1,47;1,46;4,15
596;4,8;3,28;3,94;4,09;4,65;1,88;1,85;4,05;4,06;3,82;3,76;3,74;4,12;1,37;1,43;4,18
597;4,17;4,11;3,68;3,52;4,15;0,5;1,32;3,23;3,99;3,78;3,79;3,9;4,24;1,37;1,26;4,15
598;3,17;4,2;3,16;4,55;4,43;0,28;1,54;3,5;3,9;3,66;3,89;3,96;4,37;1,37;1,23;4,29
599;4,16;3,68;3,32;4,75;3,69;0,75;1,06;4,31;3,9;3,79;3,9;4,09;4,36;1,34;1,2;4,18
600;3,93;4,99;4,83;4,45;4;0,41;0,28;4,83;3,93;3,88;3,95;4,23;4,27;1,28;1,19;4,1
601;0,01;0,79;0,09;0,32;0,59;0,44;1,55;3,46;3,96;3,79;4,08;4,21;4,23;1,35;1,07;3,92
602;0,32;0,88;1,57;0,58;0,72;0,24;1,24;3,24;3,64;3,56;3,94;3,81;3,88;1,28;1,01;4,04
603;0,33;0,56;2,43;0,3;0,37;1,84;0,82;4,16;3,3;3,18;3,63;3,4;3,51;1,37;0,88;3,98
604;0,98;0,41;0,26;0,91;0,7;0,06;1,94;4,29;2,93;2,93;3,6;3,07;3,14;1,4;0,89;3,97
605;0,7;0,44;0,4;0,15;0,38;0,96;0,7;4,38;2,57;2,59;3,32;2,76;2,84;1,37;0,86;4,05
606;0,41;0,64;1,83;0,61;0,3;1,6;0,95;3,44;2,29;2,29;2,92;2,49;2,49;1,35;0,8;3,97
607;0,03;0,05;1,71;0,84;0,82;1,96;1,94;3,76;1,91;1,95;2,86;2,08;2,08;1,5;0,94;3,99
608;0,91;0,29;1,35;0,65;0,5;0,85;0,97;3,83;1,57;1,59;2,71;1,66;1,61;1,52;0,99;3,95
609;0,96;0,03;1,89;0,09;0,64;1,02;0,51;4,44;1,26;1,23;2,58;1,22;1,26;1,42;0,88;3,97
610;0,3;0,41;2,44;0,6;0,34;1,86;1,35;4,9;0,88;0,85;2,3;0,78;0,97;1,32;1;3,9
611;0,32;0,83;1,86;0,56;0,89;1,42;1,82;4,08;0,45;0,56;2,01;0,48;0,59;1,47;0,99;3,99
612;0,31;0,74;2,78;0,4;0,47;0,32;0,7;3,18;0,47;0,58;2,05;0,49;0,61;1,48;0,96;4,02
613;0,14;0,59;0,35;0,45;0,1;1,91;1,93;3,98;0,54;0,57;2,07;0,45;0,55;1,3;1,12;4,12
614;0,79;0,4;2,56;0,67;0,95;2,78;1,87;3,69;0,5;0,58;2,05;0,44;0,5;1,45;1;4,2
615;0,6;0,86;2,83;0,37;0,53;1,96;0,29;3,78;0,41;0,57;2,18;0,39;0,41;1,58;1,01;4,12
616;0,19;0,51;1,94;0,99;0,94;0,03;0,75;4,43;0,43;0,61;2,2;0,34;0,47;1,49;1,05;4,21
617;0,88;0,85;1,49;0,61;0,84;0,87;0,37;3,73;0,47;0,56;2,01;0,33;0,45;1,5;1,03;4,04
618;0,59;0,56;2,72;0,19;0,4;0,15;1,88;3,72;0,48;0,57;1,81;0,41;0,49;1,45;0,97;4,08
619;0,64;0,72;0,07;0,9;0,6;1,7;0,1;4,11;0,5;0,5;1,52;0,45;0,46;1,43;0,97;4,09
620;0,91;0,29;1,51;0,55;0,44;2,62;0,48;3,15;0,42;0,56;1,53;0,49;0,43;1,47;0,93;4,08
621;4,55;0,8;1,86;0,7;0,03;0,89;0,61;3,65;0,46;0,56;1,45;0,56;0,45;1,46;0,98;4,12
622;3,71;0,81;2,99;0,8;0,39;0,27;0,39;3,93;0,9;0,46;1,37;0,54;0,41;1,59;1,03;4,02
623;3,89;0,79;0,86;0,05;0,08;1,81;1,62;4,62;1,25;0,48;1,36;0,58;0,48;1,59;1;3,95
624;4,13;0,8;1,37;0,25;0,38;0,05;1,18;3,46;1,59;0,48;1,31;0,64;0,55;1,45;1,13;3,94
625;5;0,18;1,76;0,58;0,15;2,66;1,68;4,28;2,09;0,48;1,12;0,69;0,59;1,41;1,08;4,05
626;4,16;0,8;2,64;0,08;0,56;1,65;1,69;4,84;2,41;0,48;1,33;0,71;0,56;1,53;1,21;3,95
627;3,13;0,54;0,71;0,31;0,02;0,73;1,18;4;2,73;0,53;1,34;0,73;0,53;1,56;1,22;4,02
628;3,22;0,02;2,24;0,5;0,97;2,93;1,6;3,4;3,08;0,56;1,52;0,71;0,53;1,67;1,25;3,87
629;4,01;0,3;2,31;0,16;0,6;2,61;0,58;3,31;3,32;0,53;1,55;0,66;0,55;1,61;1,28;3,77
630;4,26;0,66;2,98;0,99;0,47;2,42;1,19;3,34;3,8;0,47;1,63;0,61;0,57;1,57;1,33;3,75
631;3,7;3,75;1,4;0,47;0,44;3,79;0,05;0,92;4,15;0,49;1,66;0,61;0,6;1,36;1,34;3,78
632;3,02;4,47;2,27;0,69;0,32;4,33;0,48;1,63;3,99;0,84;1,55;0,61;0,63;1,51;1,31;3,57
633;4,42;4,79;0,93;0,52;0,55;4,57;0,41;1,12;3,89;1,22;1,61;0,65;0,57;1,88;1,16;3,36
634;4,76;3,23;1,56;0,39;0,82;3,06;0,45;1,56;3,94;1,47;1,69;0,67;0,55;2,16;1,18;3,11
635;3,88;4,48;1,72;0,87;0,93;4,44;1,65;0,55;3,89;1,73;1,81;0,61;0,52;2,46;1,25;2,84
636;3,45;3,13;0,06;0,18;0,62;3,65;1,35;0,58;3,86;2,06;1,69;0,64;0,57;2,63;1,25;2,61
637;4,96;4,81;0,34;0,53;0,9;4,36;1,41;0,3;3,95;2,33;1,85;0,56;0,61;2,84;1,29;2,4
638;4,61;4,88;0,04;0,32;0,96;3,44;1,07;1,34;4,01;2,75;1,61;0,55;0,56;2,97;1,34;2,21
639;4,41;4,47;2,97;0,77;0,37;4,89;0,87;1,89;4,05;3,22;1,64;0,52;0,47;3,24;1,32;2,08
640;4,79;4,44;1,3;0,89;0,38;4,96;0,1;0,7;4,02;3,61;1,44;0,48;0,44;3,51;1,2;1,93
641;0,02;4,44;4,07;0,32;0,57;4,37;1,82;0,75;4,02;4,02;1,54;0,41;0,36;3,92;1,16;1,63
642;0,54;4,17;3,1;0,93;0,94;4,98;1,09;1,95;3,73;4,02;1,88;0,42;0,3;3,81;1,4;1,61
643;0,89;4,19;4,97;0,67;0,93;4,49;0,54;0,76;3,46;4,11;2,03;0,4;0,36;3,85;1,44;1,52
644;0,95;4,26;3,37;0,14;0,68;4,72;1,55;1,21;3,04;4,14;2,21;0,38;0,39;3,84;1,51;1,41
645;0,38;3,45;4,68;0,47;0,55;4,24;1,27;0,07;2,61;4,24;2,38;0,39;0,45;3,7;1,43;1,31
646;0,77;3,81;4,8;0,52;0,35;3,38;2,5;1,81;2,27;4,29;2,59;0,42;0,42;3,69;1,34;1,29
647;0,53;4,49;3,92;0,52;0,95;4,26;2,52;0,47;1,92;4,4;2,79;0,47;0,46;3,71;1,43;1,18
648;0,42;4,21;3,98;0,93;0,53;4,03;1,13;1,03;1,54;4,25;3,24;0,45;0,48;3,82;1,56;1,06
649;0,08;4,91;3,76;0,45;0,01;4,43;1,34;1,67;1,27;4,22;3,55;0,49;0,53;3,87;1,72;0,93
650;0,99;4,52;3,22;0,67;0,43;3,29;0,57;1,29;0,86;4,18;3,77;0,53;0,59;3,87;1,89;0,98
651;0,8;4,24;4,46;1,58;0,76;3,43;1,11;1,5;0,46;3,99;3,91;0,56;0,62;3,87;1,95;0,91
652;0,39;4,97;4,67;1,43;0,24;3,6;2,99;0,61;0,53;4,03;3,79;0,73;0,69;4,03;1,91;0,81
653;0,31;4,16;4,71;1,4;0,03;3,53;0,69;1,23;0,51;3,94;3,84;0,72;0,67;4,04;2,03;0,81
654;0,55;3,36;3,44;0,8;0,46;3,63;2,04;0,54;0,53;4,07;3,85;0,81;0,62;4,14;1,85;0,78
655;0,32;4,02;3,36;0,29;0,49;3,03;0,11;0,09;0,5;4,09;3,88;0,94;0,61;4,21;1,93;0,78
656;0,03;3,65;3,16;0,9;0,95;4,94;0,62;1,17;0,56;3,99;3,98;0,91;0,58;4,28;1,9;0,79
657;1;4,65;3,93;1,47;0,41;4,14;2,82;1,58;0,49;3,9;3,94;0,89;0,52;4,32;1,63;0,8
658;0,56;3,61;3,09;1,16;0,41;3,06;2,93;0,12;0,49;4,05;3,84;0,94;0,55;4,23;1,37;0,84
659;0,68;3,14;3,33;0,1;0,18;3,43;2,9;0,41;0,49;4,03;3,83;0,97;0,53;4,28;1,27;0,95
660;0,05;4,3;4,73;0,21;0,84;4,32;2,15;0,37;0,52;4,03;3,88;0,99;0,47;4,29;1,17;0,93
661;1,88;0,8;3,91;0,73;3,12;3,08;1,31;1,36;0,57;4,08;3,98;0,96;0,51;4,22;1,22;0,84
662;1,48;0,86;4,65;1,55;3,17;4,37;2,11;0,91;0,61;3,73;4,12;0,98;0,82;4,2;1,14;0,82
663;0,76;0,41;4,11;0,28;4,56;4,26;0,69;0,67;0,69;3,38;4,14;0,91;1,25;4,12;1,17;0,84
664;1,74;0,75;3,48;0,35;4,76;4,98;1,17;1,44;0,76;2,92;4,04;0,78;1,51;4,03;1,23;0,94
665;1,53;0,36;4,95;0,55;4,12;4;2,95;1,42;0,78;2,47;4,13;0,77;1,82;4,02;1,1;1,04
666;1,21;0,21;3,63;1,3;4,4;3,5;0,15;0,32;0,73;2,2;4,19;0,8;2,27;4,1;1,21;1,07
667;1,51;0,29;4,34;1,12;4,51;3,25;2,89;0,16;0,86;1,85;4,27;0,83;2,58;3,99;1,32;1,03
668;1,37;0,14;4,32;0,91;4,98;4,69;1,74;1,04;0,79;1,42;4,19;0,83;2,86;4,07;1,54;1,09
669;1,03;0,22;4,03;0,46;4,24;3,73;0,81;1,28;0,75;1,08;4,3;0,84;3,19;3,98;1,44;1,07
670;1,13;0,9;3,08;0,12;4,85;3,63;2,79;0,16;0,76;0,79;4,37;0,96;3,61;4,07;1,32;0,9
671;1,35;0,27;4,37;0,09;3,06;4,78;1,15;0,31;0,85;0,45;4,38;1,08;3,94;4,1;1,34;1,03
672;0,72;0,99;3,82;1,55;4,56;4,14;1,13;0,13;0,87;0,48;4,24;0,91;3,91;4,02;1,26;1,13
673;0,35;0,96;4,53;1,66;4,32;4,05;0,13;0,99;0,93;0,42;4,15;0,95;3,79;3,99;1,12;1,14
674;1,44;0,69;3,27;0,47;3,52;4,44;2,09;1,78;0,94;0,41;4,2;0,99;3,9;4,11;1,13;1,17
675;1,52;0,68;4,7;0,72;4,76;4,26;0,12;0,66;1,03;0,48;4,23;1,02;3,85;4,11;1,24;1,18
676;1,25;0,24;4,98;1,34;3,99;4,67;2,98;1,34;1,19;0,53;4,19;1,06;3,83;4,04;1,09;1,13
677;1,28;0,62;3,86;1,88;4,58;4,69;0,48;1,04;1,11;0,5;4,15;1,09;3,97;4,08;1,19;1,27
678;0,12;0,05;3,02;1,63;4,34;4,56;0,72;1;1,13;0,5;4,3;1,04;3,97;4,1;1,14;1,22
679;1,43;0,72;4,89;1,25;4,6;3,31;0,03;0,51;1,21;0,45;4,19;1,07;4,08;4,12;1,31;1,17
680;1,84;0,6;4,92;1,65;3,78;4,81;2,29;0,06;1,16;0,38;4,16;1,05;4,06;4,08;1,36;1,19
681;3,09;0,17;1,28;0,12;3,28;4,09;1,93;1,29;1,17;0,46;4,05;1,05;4,14;4,15;1,17;1,19
682;4,62;0,72;0,13;1,18;4,35;4,68;0,84;1,73;1,42;0,46;3,75;1,15;4,24;4,09;1,28;1,07
683;4,89;0,02;1,2;1,24;4,6;3,44;1,81;1,62;1,69;0,5;3,42;1,2;4,2;4,03;1,23;0,95
684;3,05;0,06;1,35;0,96;3,88;3,96;1,51;0,93;2,03;0,54;3,05;1,16;4,27;3,91;1,12;0,92
685;3,82;0,29;0,93;1,8;4,96;4,2;1,18;1,87;2,29;0,53;2,72;1,12;4,38;4,04;1,24;0,78
686;3,69;0,06;1,23;0,12;3,76;4,87;2,68;0,37;2,42;0,53;2,37;1,02;4,3;4,09;1,47;0,86
687;3,59;0,88;1,22;0,33;3,64;4,18;1,57;1,05;2,66;0,58;1,99;1,06;4,28;4,12;1,33;0,72
688;3,76;0,93;1,06;1,4;3,88;4,68;0,07;1,26;3,12;0,55;1,6;1,13;4,31;4,07;1,13;0,74
689;3,83;0,8;0,11;0,08;4,38;4,2;0,29;0,77;3,41;0,61;1,34;1,13;4,31;4,07;1,12;0,64
690;4,17;0,18;0,68;0,25;4,06;4,73;0,57;1,36;3,82;0,64;1,12;1,14;4,29;4,06;1,21;0,73
691;4,37;1,5;0,72;1,16;4,91;4,71;2,08;0,36;3,99;0,56;0,82;1,13;4,19;3,99;1,25;0,65
692;4,8;0,43;0,45;0,51;3,96;4,74;0,82;0,7;4,06;0,53;1,01;1,02;4,16;4,12;1,2;0,73
693;4,57;0,03;0,05;1,27;4,55;4,65;2,26;1,79;3,93;0,66;0,99;1,01;4,23;4,28;1,3;0,83
694;3,75;1,6;1,83;1,21;3,03;3,52;2,01;1,78;3,98;0,72;1,08;1,11;4,19;4,35;1,34;0,84
695;3,57;0,62;1,98;0,28;3,41;3,72;2,98;1,47;3,98;0,82;0,95;1,14;4,17;4,34;1,21;1
696;3,66;1,16;1,75;1,07;3,57;3,81;2,76;1,07;4,15;0,8;0,99;1,12;4,26;4,35;1,19;0,97
697;3,55;0,72;1,63;0,72;4,75;4,59;0,67;0,83;4,17;0,8;1,12;1,14;4,15;4,3;1,28;1,12
698;3,65;0,45;1,84;0,73;4;3,7;0,11;1,49;4,09;0,87;1,06;1,05;4,23;4,36;1,55;1,21
699;3,91;0,36;0,87;1,84;3,62;3,87;1,39;0,25;4,15;0,87;0,98;1,1;4,07;4,48;1,57;1,28
700;3,08;0,13;1,41;1,34;3,66;3,45;1,49;0,34;4,14;0,85;0,99;0,96;4,02;4,5;1,45;1,22
701;0,75;0,95;0,16;4,75;4,74;0,05;2,87;0,8;4,28;0,86;1,04;0,92;3,98;4,46;1,41;1,17
702;1,34;0,87;1,92;4,82;3,4;0,56;0,13;0,03;4,07;0,89;0,89;1,37;3,98;4,02;1,37;1,11
703;1,92;0,33;0,21;3,36;3,85;0,65;1,14;0,92;3,9;0,91;0,94;1,76;3,94;3,57;1,26;1,03
704;0,37;0,04;1,79;4,03;3,81;0,89;0,41;0,61;3,66;1,01;0,89;2,06;3,94;3,24;1,29;0,92
705;1,85;1,63;0,17;4,57;3,35;0,21;1,54;1,11;3,32;0,9;0,88;2,26;3,99;2,84;1,24;0,91
706;1,89;0,93;1,6;4,16;3,65;0,96;0,76;1,07;2,97;0,85;0,77;2,66;3,98;2,47;1,07;0,88
707;0,51;1,28;1,43;3,88;4,11;0,53;0,82;1,29;2,85;0,94;0,75;2,95;3,95;2,15;0,93;0,82
708;0,89;1,14;1,36;3;4,12;0,84;1,96;1,57;2,49;1,06;0,74;3,35;3,93;1,74;0,76;0,83
709;1,88;0,5;0,43;4,21;3,03;0,51;1,76;0,48;2,27;0,96;0,79;3,61;4,01;1,32;0,58;0,84
710;1,84;1,53;0,73;3,71;4,37;0,8;0,65;1,68;2,11;1,03;0,66;4,07;4,08;0,98;0,6;0,82
711;0,56;0,63;1,83;4,51;4,41;0,54;0,68;1,84;1,68;1,19;0,61;4,38;4,1;0,65;0,61;0,89
712;0,53;0,07;1,93;3,83;4,66;0,57;0,73;1,63;1,58;1,22;0,58;4,27;3,99;0,64;0,66;0,98
713;1,57;1,32;1,79;4,11;3,05;0,96;0,31;1,65;1,57;1,09;0,53;4,14;3,96;0,72;0,86;1,1
714;2,56;1,93;1,87;3,95;4,1;0,21;2,55;0,16;1,47;1,03;0,6;4,2;3,94;0,72;0,85;1,19
715;2,26;0,12;0,32;3,85;4,18;0,5;0,18;1,74;1,65;1,11;0,71;4,22;3,77;0,63;0,83;1,11
716;1,24;0,52;0,64;4,6;3,34;0,68;2,46;1,23;1,79;1,28;0,8;4,19;3,78;0,57;1;0,96
717;1,58;0,28;0,33;4,36;4,39;0,6;1,2;0,19;1,71;1,28;0,71;4,07;3,92;0,56;1,05;0,89
718;2,45;0,51;0,23;4,72;4,69;0,84;1,87;0,62;1,91;1,26;0,75;3,95;3,85;0,53;1,02;0,83
719;0,09;1,99;1,3;3,53;4,8;0,17;1,71;1,94;1,96;1,35;0,68;3,89;3,76;0,52;1,08;0,87
720;1,38;0,09;1,04;3,37;3,14;0,19;2,61;1,45;1,9;1,32;0,81;3,77;3,67;0,54;1,16;1,01
721;4,32;4,69;2,56;3,3;0,8;0,66;3,02;1,72;2,04;1,33;0,79;3,84;3,65;0,53;1,22;1,11
722;4,55;3,02;1,51;3,26;0,23;0,86;3,74;0,3;2,24;1,56;0,94;3,83;3,37;0,59;1,53;1,12
723;4,93;3,16;2,08;4,15;1;0,14;3,63;0,33;2,4;1,81;0,97;3,88;3,08;0,51;1,65;1,27
724;3,21;3,51;0,27;4,91;0,59;0,77;4,61;0,38;2,7;2,01;0,93;3,72;2,73;0,47;1,84;1,35
725;4,26;3,53;1,14;3,32;0,32;0,82;3,12;2,21;2,98;2,31;0,97;3,76;2,46;0,51;2,17;1,31
726;4,26;3,78;1,67;3,72;0,62;0,7;4,67;2,92;3,05;2,49;0,87;3,82;2,03;0,51;2,34;1,33
727;4,56;4,6;1,77;3,5;0,32;0,65;4,54;1,73;3,19;2,78;0,79;3,83;1,58;0,46;2,61;1,31
728;4,1;3,95;1,03;4,83;0,88;0,33;4,02;0,29;3,3;2,99;0,81;3,99;1,24;0,44;2,98;1,28
729;4,63;4,47;2,86;3,28;0,01;0,77;4,15;0,73;3,47;3,36;0,98;4,01;1;0,37;3,31;1,16
730;4,59;4,06;0,34;3,5;0,98;0,65;3,06;0,23;3,53;3,62;1,1;4,02;0,75;0,34;3,59;1,1
731;4,91;3,62;2,28;4,88;0,76;0;3,27;1,88;3,84;3,79;1,16;3,97;0,49;0,34;3,87;1,02
732;4,98;3,53;2,31;3,45;0,41;0,16;3,65;0,17;3,92;3,87;1,02;4,06;0,53;0,3;3,74;0,91
733;4,53;3,14;2,79;3,14;0,28;0,22;4,54;1,96;4,11;4,05;1,14;4,09;0,55;0,32;3,81;0,62
734;3,83;4,14;0,52;4,69;0,4;0,96;3,12;2,32;4,03;4,11;1,14;4,26;0,53;0,3;3,92;0,58
735;4,88;4,53;2,35;3,56;0,36;0,68;3,09;0,08;4;3,98;1,28;4,27;0,55;0,35;4,03;0,77
736;3,16;3,35;0,22;4,01;0,63;0,21;3,1;1,58;4,07;3,95;1,55;4,23;0,54;0,41;4,05;0,85
737;3,4;3,77;1,33;4,97;0,31;0,03;4,97;0,57;4,1;3,81;1,74;4,38;0,6;0,39;4,09;1,09
738;4,35;4,6;2,76;4,4;0,95;0,49;4,9;2,89;4,25;3,8;1,96;4,38;0,67;0,43;4,05;1,27
739;4,03;4,25;1,32;3,05;0,88;0,81;4,73;1,83;4,26;3,67;2,07;4,43;0,6;0,49;4,05;1,36
740;3,98;3,47;2,17;4,7;0,27;0,18;4,04;2,64;4,37;3,65;1,97;4,39;0,62;0,48;4,05;1,49
741;0,85;3,62;0,76;3,85;0,14;0,57;4,98;2,46;4,35;3,68;2;4,44;0,54;0,46;4,17;1,64
742;1,82;3,13;2,56;3,2;0,96;0,33;4,61;0,53;4,07;3,73;2,25;4,31;0,52;0,51;4,34;1,7
743;0,96;3,83;0,37;3,35;0,76;0,55;4,97;2,7;3,62;3,56;2,32;4,35;0,55;0,48;4,32;1,74
744;1,04;3,37;2,59;4,9;0,55;0,54;3,56;2,45;3,29;3,54;2,26;4,27;0,57;0,54;4,29;1,87
745;0,86;3,76;0,22;4,66;0,09;0,75;3,95;2,08;2,89;3,59;2,2;4,18;0,56;0,53;4,2;1,66
746;0,16;4,2;2,99;3,18;0,14;0,15;4,27;0,59;2,61;3,58;1,94;4,11;0,6;0,51;4,23;1,57
747;1,87;4,1;1,4;4,3;0,39;0,14;3,86;1,34;2,43;3,7;1,78;3,93;0,57;0,55;4,35;1,52
748;1,6;3,62;2,32;4,16;0,78;0,83;4,28;0,73;1,95;3,79;1,65;3,92;0,53;0,6;4,3;1,53
749;0,31;4,59;0,46;3,26;0,17;0,35;3,4;0,62;1,5;3,84;1,37;3,89;0,53;0,63;4,29;1,59
750;1,52;3,48;1,03;3,37;0,53;0,83;3,77;1,41;1,1;4,02;1,26;3,92;0,51;0,66;4,32;1,45
751;0,93;1,45;2,65;2,86;0,02;0,87;3,63;2,94;0,74;4,03;1,4;3,92;0,54;0,74;4,15;1,38
752;1,46;2,65;0,79;0,53;0,5;0,62;4;0,2;0,71;3,76;1,24;3,79;0,56;0,7;4,01;1,34
753;0,46;1,4;1,89;1,92;0,72;0,1;3,83;0,08;0,82;3,64;1,03;3,35;0,47;0,74;4,04;1,5
754;1,3;0,62;0,06;1,9;0,81;0,85;3,19;0,74;0,82;3,49;0,98;3,23;0,43;0,71;3,97;1,48
755;0,97;1,26;0,95;1,97;0,13;0,63;4,96;2,98;0,91;3,36;0,8;2,94;0,47;0,62;3,92;1,73
756;1,99;0,33;0,39;0,56;0,67;0,43;3,62;2,7;0,93;3,24;0,98;2,87;0,44;0,56;3,81;1,9
757;0,01;1,13;0,97;0,48;0,42;0,78;4,1;2,53;0,93;3,01;1,07;2,72;0,44;0,61;3,68;1,91
758;1,15;1,43;2;2,87;0,23;0,58;3,14;0,06;1;2,84;1,1;2,48;0,46;0,54;3,79;1,66
759;1,97;1,21;2,48;2,99;0,19;0,51;4,25;0,99;1,17;2,53;1,21;2,33;0,53;0,48;3,88;1,75
760;0,37;0,91;0,5;0,59;0,55;0,24;4,1;0,57;1,21;2,24;1,3;2,02;0,5;0,48;3,9;1,83
761;1,74;2;3,77;1,25;0,06;0,72;4,08;0,82;1,21;2,11;1,22;1,79;0,5;0,45;4,01;1,68
762;0,08;2,78;3,74;0,72;0;0,4;4,13;0,16;1,36;2,08;1,48;1,63;0,47;0,42;4,1;1,86
763;2,14;2,01;3,12;0,68;0,9;0,51;3,45;0,21;1,45;2,13;1,88;1,81;0,52;0,47;4,12;1,81
764;1,98;2,71;4,46;0,84;0,36;0,22;4,67;1,31;1,57;1,94;2,22;1,57;0,53;0,52;4,27;1,61
765;0,26;2,38;3,91;1,07;0,38;0,14;4,83;0,36;1,61;1,88;2,62;1,62;0,47;0,56;4,21;1,38
766;2,14;2,56;4,7;0,95;0,31;0,15;3,17;2,33;1,5;1,78;2,74;1,62;0,5;0,57;4,33;1,29
767;0,31;0,46;3,75;0,89;0,97;0,6;3,67;2,65;1,61;1,87;2,94;1,67;0,47;0,49;4,34;1,28
768;2,82;0,55;4,47;1,33;0,43;0,39;4,31;2,78;1,64;1,62;3,16;1,65;0,51;0,56;4,18;1,55
769;1,36;1,59;4,77;2,59;0,83;0,24;3,04;0,01;1,55;1,74;3,37;1,56;0,48;0,58;4,04;1,45
770;2,8;2,54;4,5;1,06;0,55;0,67;4,43;2,02;1,77;1,72;3,69;1,57;0,52;0,49;3,98;1,54
771;2,69;1,73;3,95;2,73;0,25;3,13;3,64;1,16;1,96;1,57;3,87;1,55;0,53;0,48;4,03;1,78
772;0,33;2,54;4,17;1,81;0,84;4,25;3,1;0,97;1,7;1,5;3,9;1,58;0,53;0,97;3,98;1,73
773;0,36;1,94;4,43;0,21;0,47;4,66;3,29;0,47;1,52;1,37;3,79;1,47;0,51;1,33;3,98;1,83
774;1,48;2,47;4,81;2,01;0,22;4,2;3,95;0,51;1,64;1,46;3,85;1,65;0,47;1,6;3,9;1,84
775;1,24;2,4;4,27;0,84;0,1;3,33;4,23;2,69;1,63;1,47;3,78;1,61;0,48;1,91;3,99;1,84
776;0,64;2,58;4,44;0,78;0,63;4,84;3,15;2,5;1,78;1,5;3,79;1,65;0,43;2,25;3,89;2,03
777;1,34;1,01;3,39;1,96;0,48;4,83;3,5;2,17;1,65;1,29;3,87;1,7;0,49;2,68;3,92;2,06
778;0,72;0,08;4,48;1;0,15;4,69;3,58;0,84;1,64;1,55;3,83;1,63;0,42;2,91;4,06;1,8
779;1,3;2,69;4,94;0,73;0,95;4,39;4,43;1,44;1,69;1,48;3,98;1,59;0,37;3,31;4,03;1,76
780;2,26;2,61;4,44;1,35;0,13;3,68;3,66;2,37;1,66;1,55;3,84;1,61;0,33;3,66;4;1,49
781;3,14;4,11;4,82;0,47;1,17;4,58;4,92;0,55;1,67;1,56;3,87;1,54;0,3;3,93;3,87;1,23
782;4,46;3,56;3,95;0,19;0,71;3,03;3,81;0,2;2,1;1,81;3,92;1,55;0,33;3,83;3,79;1,06
783;4,36;3,83;4,36;0,04;1,39;4,82;3,14;0,07;2,46;2,1;4,07;1,56;0,36;3,82;3,73;0,95
784;3,51;4,36;3,14;0,54;1,63;4,88;4,12;2,96;2,6;2,43;3,98;1,59;0,37;3,83;3,75;1,04
785;3,3;4,85;3,84;2,82;0,04;3,85;3,34;0,31;2,92;2,58;3,91;1,55;0,47;3,87;3,69;1,24
786;4;3,97;3,44;1,54;1,22;3,03;4,75;2,32;3,07;2,87;3,88;1,3;0,48;4;3,79;1,02
787;3,43;3,87;3,84;1,17;1,94;3,87;3,07;2;3,35;3,27;3,96;1,22;0,58;3,92;3,77;0,93
788;3,82;4,15;4,51;2,71;0,42;3,11;3,2;2,73;3,6;3,32;4,01;1,29;0,7;3,97;3,7;0,98
789;4,5;3,7;4,2;0,25;1,45;3,81;4,57;1,08;3,79;3,55;3,83;1,45;0,8;4,01;3,74;1,07
790;3,11;4,41;4,62;0,92;1;4,7;3,39;0,33;3,95;3,66;3,81;1,4;0,94;4,06;3,7;1,36
791;3,27;4,22;4,72;0,31;1,96;3,76;3,97;0,97;4,04;4,01;3,79;1,21;1,01;4,14;3,66;1,59
792;3,25;3,93;3,93;0,8;1,42;4,58;4,01;1,55;3,92;4;3,69;1,32;0,97;4,24;3,76;1,84
793;3,32;4,05;4,63;2,63;1,03;3,78;4,49;0,03;3,83;4,02;3,53;1,51;1,07;4,29;3,74;1,78
794;4,55;4,78;3,94;2,42;1,28;4,93;3,84;1,93;3,74;4;3,55;1,27;1,25;4,34;3,79;1,74
795;3,29;3,6;4,52;1,68;1,5;3,2;3,83;2,28;3,72;3,97;3,66;1,49;1,12;4,34;3,92;1,71
796;4,67;4,63;3,9;0,44;1,66;4,84;3,17;2,42;3,64;4;3,65;1,54;1,18;4,29;3,86;1,82
797;4,08;3,07;4,19;0,62;1,58;4,62;3,7;0,07;3,62;3,83;3,51;1,64;1,09;4,29;3,86;1,83
798;4,2;3,75;4,68;2,21;1,11;4,41;4,51;0,7;3,62;3,8;3,45;1,72;0,95;4,4;3,94;1,91
799;4,45;3,22;3,4;2,04;1,69;3,73;4,37;0,09;3,68;3,8;3,53;1,5;0,96;4,3;4;1,87
800;4,51;3,23;3,16;0,49;1,3;4,35;4,51;2,23;3,6;3,92;3,62;1,55;0,82;4,29;4,1;1,83
801;0,23;5;0,86;3,22;0,81;4,58;0,65;1,82;3,67;3,93;3,67;1,65;0,87;4,21;4,15;1,59
802;0,2;3,47;0,9;4,63;1,58;3,45;0,86;2,03;3,37;3,92;3,38;1,92;0,96;4,13;3,74;1,45
803;0,84;4,11;0,41;4,51;0,72;3,78;0,22;2,44;3,06;3,8;3,13;2,06;0,87;4,07;3,4;1,54
804;0,17;4,46;0,06;3,35;1,55;4,89;0,94;1,42;2,76;3,68;2,79;2,52;0,81;4,14;3,03;1,45
805;0,15;4,24;0,98;4,8;1,46;4,85;0,38;1,21;2,39;3,77;2,37;2,74;0,94;4,23;2,64;1,25
806;0,46;3,46;0,7;4,69;0,55;3,58;0,42;2,73;2,13;3,66;2,06;3,07;0,92;4,09;2,29;1,16
807;0,37;4,3;0,39;3,15;1,75;4,96;0,61;2,66;1,77;3,8;1,79;3,13;0,91;4,2;1,91;1,24
808;0,27;4,43;0,51;4,11;0,03;3,57;0,29;0,23;1,49;3,82;1,46;3,25;1;4,18;1,45;1,35
809;0,07;3,89;0,54;4,67;0,83;4,47;0,06;1,46;1,17;3,76;1,12;3,63;0,9;4,15;1,14;1,31
810;0,59;4,05;0,61;4,11;0,98;3,92;0,76;1,36;0,86;3,58;0,79;3,97;0,93;4,17;0,74;1,15
811;0,07;0,07;0,36;3,63;1,6;3,99;0,09;3,82;0,43;3,42;0,41;4,3;0,85;4,24;0,46;1,29
812;0,2;0,36;0,38;3,97;1,41;4,25;0,32;4,45;0,42;3,21;0,35;4,28;0,9;4,3;0,48;1,65
813;0,17;1,21;0,37;3,48;1,91;3,13;0,6;4,31;0,44;2,91;0,31;4,32;1;4,2;0,55;1,93
814;0,27;1,79;0,46;3,78;0,15;3,83;0,77;4,72;0,5;2,69;0,36;4,23;1;4,04;0,54;2,28
815;0,36;1,98;0,58;4,72;0,57;3,84;0,45;4,95;0,47;2,33;0,35;4,14;1,03;3,85;0,56;2,57
816;0,44;1,17;0,14;3,98;1,33;4,17;0,78;3,93;0,42;2,06;0,38;4,2;1,06;3,93;0,53;2,92
817;0,67;0,43;0,78;4,25;1,86;4,81;0,18;4,57;0,44;1,76;0,34;4,28;1,07;3,89;0,57;3,08
818;0,68;0,91;0,59;3,94;0,87;4,69;0,52;4,15;0,38;1,6;0,32;4,21;1,08;3,77;0,59;3,16
819;0,44;1,33;0,39;3,25;0,41;4,99;0,3;4,82;0,31;1,4;0,28;4,19;1,2;3,77;0,5;3,48
820;0,83;1,29;0,11;4,16;0,53;3,78;0,89;3,31;0,32;1,25;0,24;4,24;1,28;3,85;0,53;3,7
821;3,32;0,17;0,92;4,07;0,71;4,26;0,47;4,72;0,38;1,12;0,26;4,26;1,23;3,87;0,54;3,96
822;4,15;1,6;0,6;3,04;2;4,4;0,18;4,97;0,78;1,12;0,28;4,25;1,05;3,91;0,55;3,79
823;3,5;0,97;0,17;3,65;0,75;4,92;0,64;3,45;1,18;1,14;0,36;4,16;1,02;3,94;0,5;3,72
824;3,96;0,15;0,92;4,55;0,17;3,09;0,14;3,45;1,4;1,16;0,38;4,25;0,89;3,99;0,53;3,78
825;4,81;1,96;0,3;4,87;0,85;4,94;0,82;4,56;1,64;1,17;0,42;4,31;0,75;4,12;0,52;3,85
826;4,85;0,34;0,22;4,33;1,24;3,12;0,85;4,96;2;1,29;0,41;4,26;0,73;4,23;0,53;3,77
827;3,65;1,15;0,48;4,73;0,16;3,66;0,88;3,12;2,38;1,29;0,45;4,26;0,69;4,28;0,54;3,71
828;3,6;1,31;0,37;3,68;1,96;3,21;0,94;3,1;2,81;1,19;0,49;4,24;0,6;4,36;0,57;3,8
829;3,87;1,88;0,59;3,39;1,04;3,93;0,83;4,25;3,12;1,26;0,55;4,18;0,61;4,49;0,57;3,8
830;3,85;0,52;0,39;3,18;1,78;4,23;0,07;4,65;3,42;1,17;0,56;4,05;0,58;4,39;0,59;3,93
831;4,64;0,05;0,49;4,7;1,23;4,05;0,44;4,29;3,64;1,06;0,53;4,03;0,72;4,47;0,59;3,87
832;4,32;0,4;0,93;4,62;1,45;3,52;0,66;4,75;3,71;1,07;0,5;3,95;0,72;4,31;0,61;3,97
833;3,6;0,55;0,68;4,02;1,81;3,37;0,86;3,32;3,65;1,17;0,48;4,06;0,76;4,37;0,65;4
834;3,64;1,34;0,39;3,69;1,4;4,81;0,1;3,83;3,77;1,2;0,44;4,05;0,86;4,35;0,64;4,05
835;4,87;1,79;0,59;4,09;1,73;4,51;0,76;3,5;3,77;1,27;0,41;3,97;0,99;4,39;0,57;4,12
836;4,4;0,72;0,64;3,73;0,86;4,94;0,39;4;3,83;1,28;0,49;3,88;1,03;4,28;0,63;4,27
837;3,84;0,58;0,76;3,47;0,29;3,29;0,35;4,19;3,83;1,25;0,52;3,78;1,14;4,26;0,61;4,29
838;4,15;0,2;0,93;3,75;1,97;4,17;0,19;4,95;3,87;1,26;0,54;3,78;1,16;4,22;0,55;4,19
839;3,32;0,59;0,26;3,33;0,24;3,07;0,11;3,98;3,94;1,28;0,55;3,89;1,1;4,03;0,57;4,21
840;3,64;1,46;0,88;3,82;0,42;3,13;0,58;4,62;4;1,28;0,49;3,9;1,17;3,99;0,55;4,14
841;0,8;2,32;4,4;3,81;3,55;0,61;0,39;4,29;4,02;1,3;0,5;3,85;1,12;3,96;0,56;4,26
842;0,33;0,49;3,92;4,13;3,66;0,28;0,51;3,22;3,58;1,37;0,86;3,86;1,51;3,71;0,57;4,29
843;0,19;2,98;4,02;4,48;4,44;0,13;0,64;3,05;3,23;1,53;1,24;3,67;1,77;3,29;0,56;4,31
844;0,6;1,16;4,44;4,85;4,2;0,02;0,19;3,76;2,9;1,59;1,64;3,51;2,11;2,99;0,56;4,16
845;0,22;2,62;4,9;4,29;3,04;0,43;0,63;3,05;2,67;1,62;1,95;3,6;2,33;2,55;0,64;4,12
846;0,73;0,78;4,42;3,52;4,21;0,36;0,96;4,01;2,34;1,65;2,22;3,67;2,71;2,25;0,59;4,03
847;0;0,35;4,38;3,61;4,64;0,07;0,8;4,28;1,96;1,78;2,55;3,76;2,97;1,83;0,65;4,1
848;0,11;2,07;3,9;3,4;4,18;0,81;0,2;4,22;1,55;1,82;2,96;3,82;3,24;1,5;0,7;4,12
849;0,36;1,11;4,32;3,53;4,3;0,86;0,87;4,94;1,21;1,92;3,19;3,83;3,65;1,25;0,77;4,02
850;0,55;1,45;4,88;4,37;3,02;0,92;0,72;3,95;0,93;1,95;3,59;3,94;3,9;0,97;0,76;4,1
851;0,56;2,66;3,02;0,93;4,22;0,9;0,09;3,06;0,64;1,97;3,87;3,88;4,18;0,52;0,68;3,93
852;0;1,21;4,35;0,57;3,14;0,04;0,46;3,78;0,64;2,07;3,91;3,64;4,2;0,47;0,6;3,82
853;0,9;1,69;4,87;0,08;3,46;0,99;0,22;3,2;0,64;1,89;3,86;3,4;4,13;0,46;0,57;3,78
854;0,64;1,12;4,54;1,01;3,51;0,46;0,64;4,09;0,62;1,79;3,8;3,2;4,01;0,45;0,49;3,83
855;0,94;2,08;3,36;1,42;4,24;0,55;0,73;4,08;0,59;1,69;3,78;2,78;4,06;0,48;0,48;3,88
856;0,79;1,72;3,68;1,33;4,55;0,78;0,23;4,13;0,56;1,47;3,79;2,43;3,98;0,48;0,48;3,79
857;0,69;0,41;3,03;0,72;3,12;0,71;0,7;4,26;0,55;1,4;3,82;2,04;4,06;0,46;0,44;3,67
858;0,47;0,14;3,47;1,75;4,99;0,51;0,67;4,63;0,47;1,42;3,67;1,77;4,08;0,44;0,39;3,79
859;0,95;0,5;4,18;1,08;3,54;0,17;0,28;4,87;0,47;1,33;3,7;1,36;3,96;0,45;0,3;3,9
860;0,26;2,53;4,37;1,52;4,86;0,01;0,34;4,46;0,46;1,51;3,7;1,06;3,96;0,4;0,26;3,89
861;1,18;2,33;4,93;0,72;4,39;0,5;0,88;3,09;0,47;1,43;3,77;0,79;3,99;0,4;0,24;4,03
862;1,25;1,78;4,34;0,04;3,26;0,55;0,59;4,68;0,62;1,41;3,66;0,77;4,07;0,38;0,25;4,15
863;1,41;1,55;4,82;1,58;4,86;0,12;0,37;3,74;0,76;1,52;3,65;0,81;4,13;0,44;0,26;4,22
864;0,59;1,74;4,96;1,36;4,85;0,15;0,98;4,97;0,78;1,51;3,63;0,82;4,22;0,46;0,27;4,24
865;0,97;2,13;3,5;0,87;4,08;0,49;0,89;4,74;0,79;1,62;3,66;0,95;4,28;0,48;0,28;4,13
866;1,48;2,79;4,84;1,88;3,4;0,48;0,2;3,81;0,78;1,74;3,78;0,99;4,19;0,42;0,3;4,22
867;0,16;1,98;3,81;1,66;4,96;0,26;0,5;3,35;0,82;1,77;3,7;1,04;4,05;0,43;0,26;4,3
868;1,54;2,73;4,32;0,61;3,35;0,78;0,86;4,18;0,91;1,76;3,69;1,1;4,17;0,43;0,27;4,29
869;1,04;0,26;3,96;1,83;3,2;0,32;0,29;3,82;1,03;1,79;3,82;1,04;4,29;0,42;0,27;4,23
870;0,81;0,07;4,96;1,98;4,13;0,89;0,75;3,93;1,04;1,75;3,74;0,91;4,22;0,41;0,36;4,1
871;1,65;4,35;3,51;1,27;3,86;0,56;0,65;3,24;1,08;1,86;3,79;0,96;4,24;0,42;0,45;4,06
872;0,36;3,02;3,04;1,48;3,74;0,94;0,7;4,11;0,92;1,91;3,87;0,94;4,05;0,48;0,45;3,97
873;1,26;3,86;3,54;1,17;4,7;0,11;0,21;3,89;0,88;2,12;3,94;0,89;3,94;0,42;0,49;3,96
874;1,85;4,47;3,92;0,46;3,78;0,45;0,69;3,32;0,91;2,49;3,9;0,77;3,93;0,41;0,47;4,04
875;1,61;4,48;4,19;1,85;3,76;0,54;0,97;3,3;1,02;2,76;4,02;0,73;3,92;0,33;0,39;4,05
876;1,19;3,41;3,98;0,55;4,05;0,49;0,18;3,55;1,11;3,1;3,83;0,7;4,02;0,39;0,35;3,97
877;0,99;3,47;4,79;1,53;3,12;0,43;0,68;3,91;1,13;3,28;3,8;0,63;3,98;0,36;0,33;3,93
878;0,81;4,45;3,44;1,85;3,59;0,05;0,73;3,67;1,16;3,59;3,92;0,64;3,98;0,38;0,38;3,83
879;0,43;4,99;4,32;1,13;4,36;0,04;0,07;3,46;1;3,85;3,8;0,72;3,97;0,39;0,42;3,84
880;1,2;4,84;4,88;0,16;4,7;0,88;0,24;3,98;0,93;4,02;3,78;0,81;3,98;0,46;0,32;3,93
881;3,82;4,13;0,31;1,61;3,35;0,87;3,49;4,61;0,91;4,26;3,7;0,75;3,88;0,47;0,27;3,92
882;4,51;3,4;0,43;0,52;4,98;0,9;3,02;3,85;1,3;4,28;3,35;0,76;4,02;0,49;0,62;4,02
883;4,63;3,16;0,43;0,93;3,61;0,59;3,46;3,12;1,63;4,3;2,94;0,83;4,05;0,54;0,99;3,91
884;4,87;4,24;0,07;0,05;4,28;0,42;3,72;3,23;1,87;4,23;2,7;0,98;4,12;0,55;1,33;3,77
885;4,67;3,04;0,36;0,75;4,25;0,52;4,6;3,34;2,14;4,26;2,24;0,94;3,96;0,57;1,66;3,76
886;3,02;3,31;0,75;0,04;4,85;0,21;4,49;3,54;2,38;4,18;1,95;1;3,96;0,54;2,09;3,88
887;4,02;4,12;0,89;0,35;4,09;0,16;4,7;3,43;2,63;4,21;1,63;1,12;4,08;0,54;2,57;3,9
888;3,91;3,15;0,59;0,82;4,9;0,04;3,21;4,94;2,97;4,09;1,24;1,06;3,94;0,53;2,86;3,9
889;4,11;3,17;0,2;0,84;3,15;0,68;4,81;3,97;3,39;4,04;0,91;1,05;3,94;0,52;3,24;3,92
890;4,91;4,29;0,54;1,88;3,61;0,92;3,55;4,66;3,79;3,98;0,61;0,96;3,91;0,53;3,6;3,95
891;4,05;3,53;0,53;1,62;3,22;0,62;3,82;3,52;4,09;3,99;0,32;1,02;4,06;0,52;4,05;3,85
892;3,59;4,29;0,16;0,48;4,62;0,5;3,98;3,65;4,11;4,08;0,33;1,01;3,96;0,49;4,03;3,73
893;3,71;3,88;0,56;0,51;4,41;0,62;3,47;4,35;3,99;4,05;0,37;0,94;4,04;0,53;4,08;3,74
894;4,42;3,09;0,82;1,85;4,34;0,65;3,81;3,41;4,02;3,94;0,3;0,87;3,92;0,54;4,2;3,88
895;4,03;3,49;0,8;1,88;4,38;0,35;3,78;4,43;4,05;3,89;0,38;0,9;4,04;0,53;4,16;3,83
896;3,34;4,89;0,69;1,26;4,96;0,64;3,28;4,77;3,99;4,01;0,41;0,97;4,08;0,51;4,02;3,74
897;4,69;3,47;0,52;0,73;3,78;0,93;4,34;3,67;4,1;3,94;0,44;0,95;4,06;0,57;3,92;3,75
898;3,65;4,6;0,43;0,38;4,28;0,5;3,24;3,38;4,06;4,06;0,45;0,85;4,11;0,59;4,03;3,7
899;4,3;3,25;0,38;1,75;3,12;0,59;3,93;3,42;3,99;3,97;0,5;0,83;3,96;0,6;4;3,6
900;3,99;4,55;0,55;1,07;3,01;0,94;4,58;4,16;4,03;4;0,51;0,85;4,1;0,58;3,97;3,55
901;1,95;0,76;0,3;1,68;0,57;0,86;4,51;0,12;4,08;3,89;0,5;0,95;4,05;0,65;3,91;3,69
902;2,85;0,33;0,22;1,9;0,02;0,04;4,4;0,18;3,83;3,52;0,51;0,96;3,9;0,68;3,95;3,37
903;2,29;0,16;0,18;0,64;2,94;0,66;3,64;0,13;3,49;3,12;0,43;1,08;3,49;0,67;3,8;3,09
904;2,81;0,91;0,59;0,9;1,51;0,93;3,1;0,42;3,31;2,85;0,43;1,13;3,28;0,6;3,74;2,7
905;1,12;0,84;0,24;0,18;0,54;0,88;4,6;0,93;2,88;2,51;0,36;1,22;2,96;0,66;3,74;2,45
906;2,14;0,78;0,79;1,21;0,45;0,13;3,76;0,78;2,73;2,05;0,4;1,26;2,74;0,65;3,9;2,15
907;0,12;0,53;0,92;1,24;0,05;0,33;3,95;0,68;2,32;1,74;0,37;1,2;2,62;0,6;3,98;1,79
908;1,44;0,33;0,28;0,65;0,24;0,2;3,05;0,89;1,95;1,37;0,31;1,36;2,38;0,63;3,85;1,54
909;0,37;0,78;0,92;1,79;1,43;0,36;3,24;0,87;1,67;1,02;0,34;1,57;2,18;0,57;3,8;1,24
910;0,85;0,46;0,74;0,43;2,99;0,67;4,9;0,15;1,34;0,74;0,35;1,52;1,97;0,51;3,83;0,9
911;2,47;0,8;0,37;0,27;1,2;0,75;3,31;0,5;0,96;0,46;0,41;1,44;1,83;0,5;3,74;0,48
912;0,27;0,65;0,74;1,9;2,03;0,43;4,42;0,9;0,95;0,44;0,39;1,66;1,76;0,55;3,77;0,47
913;0,03;0,13;0,58;1,97;0,37;1;4,55;0,32;1,02;0,44;0,39;1,52;1,84;0,53;3,76;0,44
914;1,74;0,94;0,46;0,12;0,39;0,96;4,18;0,15;1,07;0,49;0,4;1,51;1,84;0,52;3,75;0,41
915;1,92;0,08;0,11;1,69;2,98;1,8;3,44;0,14;1,29;0,49;0,46;1,51;1,93;0,58;3,79;0,42
916;2,23;0,77;0,6;1,69;1,53;0,1;4,72;0,61;1,33;0,53;0,44;1,42;1,96;0,73;3,66;0,38
917;2,51;0,83;0,06;2,69;1,96;1,44;4,03;0,47;1,38;0,57;0,45;1,47;1,75;0,76;3,69;0,35
918;1,22;0,78;0,38;1,77;0,08;0,76;3,13;0,77;1,45;0,54;0,47;1,58;1,87;0,84;3,83;0,36
919;1,61;0,1;0,98;0,6;1,68;1,15;3,5;0,18;1,42;0,57;0,41;1,58;1,94;0,93;3,99;0,37
920;2,97;0,05;0,92;1,98;1,48;0,34;3,34;0,26;1,35;0,55;0,42;1,62;1,74;0,99;4,1;0,33
921;4,59;0,62;0,78;2,04;2,5;0,6;3,52;0,43;1,46;0,56;0,39;1,74;1,57;1,03;4,21;0,34
922;4,06;0,29;0,92;1,29;1,27;0,61;3,26;0,62;1,59;0,54;0,34;1,75;1,54;0,94;4,11;0,35
923;4,5;0,32;0,98;1,35;1,01;0,27;4,11;0,85;1,88;0,56;0,41;2;1,55;0,93;4,22;0,38
924;3,08;0,31;1,64;1,98;2,38;1,74;3,62;0,72;2;0,46;0,49;2,1;1,63;1,03;4,31;0,42
925;3,42;0;0,78;2,87;1,96;0,28;3,11;0,38;2,18;0,49;0,54;2,11;1,45;0,91;4,28;0,41
926;4,61;0,69;0,23;2,7;1,81;0,91;3,45;0,19;2,45;0,49;0,53;2,22;1,24;0,91;4,27;0,45
927;3,04;0,88;0,63;1,64;0,56;1,29;4,16;0,97;2,87;0,46;0,64;2,12;1,22;0,86;4,11;0,45
928;4,52;0,83;0,26;2,32;1,11;0,08;4,16;0,07;3,23;0,47;0,65;2,07;1,11;0,81;3,98;0,44
929;3,13;0,65;1,85;0,36;0,9;1,43;4,13;0,4;3,64;0,51;0,67;1,99;1,15;0,73;3,85;0,5
930;3,35;0,72;1,02;2,27;0,75;1,04;4,28;0,25;4,06;0,53;0,68;2,11;1,34;0,74;3,85;0,53
931;4,26;4,34;1,01;2,01;2,94;1,39;3,26;0,15;4,29;0,53;0,72;2,04;1,47;0,66;3,7;0,53
932;4,44;4,43;1,4;0,58;2,65;1,92;4,65;0,32;4,35;1;0,76;1,96;1,49;0,65;3,76;0,55
933;4,61;4,2;0,96;0,42;0,08;1,35;3,41;0,06;4,4;1,42;0,74;1,96;1,44;0,61;3,78;0,53
934;4,58;3,35;0,77;2,56;1,29;1,79;3,71;0,41;4,4;1,89;0,72;1,81;1,51;0,64;3,71;0,51
935;3,62;3,13;0,51;1,42;2,34;0,12;4,24;0,76;4,28;2,25;0,72;1,66;1,77;0,71;3,69;0,5
936;4,18;4,4;1,11;2,36;2,47;1,51;3,14;0,02;4,19;2,63;0,69;1,62;1,94;0,6;3,78;0,52
937;3,09;3,25;0,43;1,34;0,59;1,54;4,44;0,46;4,15;2,92;0,66;1,78;2,14;0,61;3,92;0,51
938;4,13;4,99;1,03;1,31;2,36;1,23;4,79;0,71;4,01;3,29;0,71;1,81;2,2;0,59;3,9;0,44
939;4,51;3,27;1,77;1,63;0,13;1,15;4,67;0,06;3,95;3,7;0,81;1,84;2,01;0,7;3,93;0,42
940;4,94;3,12;1,56;1,31;0,2;1,83;4,92;0,24;3,8;4,12;0,8;1,72;1,93;0,74;3,95;0,4
941;0,44;3,05;0,26;0,05;1,98;1,1;4,83;0,61;3,74;4,4;0,77;1,84;1,9;0,82;3,97;0,42
942;0,09;3,24;1,71;1,64;2,75;0,07;4,11;0,77;3,55;4,29;0,75;1,79;1,89;0,79;4,01;0,41
943;0,91;3,69;0,95;1,41;1,7;1,12;4,08;0,27;3,16;4,22;0,88;1,78;1,9;0,84;3,92;0,39
944;0,14;4,44;0,27;2,13;0,24;0,53;4,74;0,12;2,92;4,09;0,89;1,91;1,68;0,84;3,97;0,39
945;0,91;4,52;1,59;0,93;0,83;0,35;4,15;0,44;2,63;4,1;0,87;2,05;1,68;0,91;4,16;0,42
946;1,41;3,38;0,88;0,99;2,82;0,91;3,71;0,99;2,27;4,13;0,85;2,03;1,54;0,99;4,06;0,36
947;1,06;3,94;1,75;1,97;2,16;0,8;4,19;0,44;1,88;4,17;0,91;2,14;1,48;1,16;4,05;0,36
948;1,86;3,8;0,08;1,03;1,18;0,98;3,74;0,13;1,69;4,06;1,01;1,95;1,56;1,11;4,06;0,43
949;1,37;3,63;0,42;0,58;2,4;0,13;3,1;0,75;1,43;3,95;0,91;1,92;1,67;1,16;4,05;0,43
950;1,23;3,98;1,13;1,39;2,89;1,28;3,04;0,06;1,22;3,91;0,9;2,07;1,6;1,2;3,98;0,45
951;1,26;3,66;0,55;4,37;1,72;0,86;4,05;0,37;1,08;4,04;0,87;2,01;1,6;1,14;4,14;0,43
952;1,9;3,93;0,87;4,58;1,38;0,1;4,99;0,71;1,05;4,09;0,93;2,27;1,7;1,27;4,14;0,45
953;0,14;3,44;0,38;3,32;2,15;0,53;3,12;0,64;1,18;4,08;0,91;2,47;1,9;1,26;4,16;0,45
954;0,99;3,66;0,42;3,5;2,66;0,41;4,71;0,57;1,17;4,19;0,96;2,67;1,99;1,24;4,04;0,46
955;0,48;3,77;1,71;4,68;2,67;0,81;4,68;0,12;1,26;4,22;0,92;2,93;1,72;1,15;3,88;0,43
956;1,01;3,82;0,71;3,32;1,41;1,22;3,17;0,16;1,37;4,05;0,92;3,12;1,86;1,06;3,99;0,49
957;0,38;3,68;0,6;3,83;0,5;0,6;4,79;0,07;1,39;4,05;0,91;3,23;1,69;0,96;3,92;0,52
958;0,96;3,46;0,18;4,65;2,55;1,71;3,85;0,21;1,25;4,22;0,82;3,46;1,52;0,93;3,92;0,51
959;1,36;3,13;1,22;3,43;1,65;0,93;3,03;0,93;1,26;4,22;0,78;3,67;1,46;0,79;3,97;0,54
960;1,89;4,08;0,56;3,53;2,56;1,23;3,82;0,52;1,26;4,08;0,94;3,89;1,41;0,84;3,99;0,57
961;0,75;0,76;4,22;4,81;4,31;1,56;0,92;0,97;1,17;4,07;0,92;4,12;1,27;0,9;3,89;0,62
962;0,66;0,21;3,88;3,28;3,16;0,71;0,39;0,63;1,3;3,71;1,23;4,01;1,36;0,8;3,5;0,64
963;2,22;0,47;3,02;3,6;4,39;0,53;0,2;0,42;1,28;3,37;1,41;3,86;1,42;0,8;3,19;0,64
964;0,79;0,74;4,64;3,19;4,6;1,78;0,12;0,04;1,21;2,97;1,64;3,87;1,74;0,77;2,94;0,65
965;0,48;0,67;3,18;3,3;3,89;1,14;0,09;0,16;1,36;2,55;2,02;3,89;2,11;0,71;2,61;0,64
966;0,84;0,86;4,45;3,73;4,87;1,71;0,32;0,62;1,38;2,26;2,44;3,96;2,33;0,69;2,22;0,66
967;1,14;0,24;4,58;4,95;3,43;1,91;0,93;0,69;1,54;1,95;2,71;4,05;2,67;0,8;1,87;0,68
968;2,51;0,62;3,8;3,77;3,99;0,92;0,68;0,41;1,79;1,52;3;4,19;2,93;0,83;1,56;0,64
969;0,63;0,84;4,69;4,34;4,58;0,47;0,43;0,6;1,66;1,19;3,29;4,15;3,27;0,88;1,12;0,61
970;0,28;0,49;3,43;4,19;3,38;1,66;0,86;0,92;1,62;0,93;3,45;4,05;3,66;0,85;0,69;0,55
971;0,91;0,89;3,15;3,45;4,22;0,49;0,14;0;1,82;0,49;3,91;3,9;3,96;0,75;0,36;0,52
972;0,45;0,15;4,95;4,13;4,6;0,21;0,81;0,47;1,61;0,5;3,91;3,9;4,12;0,74;0,38;0,45
973;0,43;0,57;4,44;4,83;3,31;1,63;0,08;0,63;1,7;0,55;3,87;4,02;4,12;0,74;0,35;0,44
974;2,31;0,26;3,79;3,46;3,93;0,96;0,93;0,6;1,84;0,5;3,85;3,99;4;0,71;0,26;0,43
975;0,33;0,28;4,04;3,27;3,13;1,35;0,14;0,93;1,67;0,46;3,79;3,89;3,98;0,75;0,34;0,42
976;0,87;0,18;4,18;3,59;4,01;0,04;0,7;0,51;1,59;0,45;3,76;3,76;3,98;0,9;0,36;0,38
977;0,33;0,74;4,11;4,12;4,68;1,07;0,14;0,53;1,54;0,39;3,72;3,69;3,94;0,75;0,39;0,32
978;2,54;0,64;3,49;3,47;4,12;0,34;0,88;0,28;1,44;0,43;3,82;3,55;3,94;0,86;0,4;0,4
979;1,45;0,07;3,97;3,63;3,97;1;0,31;0,6;1,51;0,42;4,01;3,56;3,94;0,91;0,42;0,36
980;0,9;0,45;4,79;3,25;4,67;0,26;0,98;0,4;1,67;0,38;4,09;3,65;3,95;0,79;0,48;0,38
981;3,23;0,96;3,27;4,83;4,27;4,35;0,97;0,58;1,66;0,4;3,91;3,75;3,96;0,8;0,45;0,43
982;4,92;0,16;3,99;3,24;4,03;4,52;0,54;0,85;1,99;0,37;3,95;3,84;3,99;1,1;0,47;0,49
983;4,47;0,53;3,91;4,21;4,2;4,34;0,03;0,18;2,12;0,34;4,05;3,8;4,08;1,54;0,48;0,53
984;3,73;0,98;3,64;3,03;4,79;4,93;0,89;0,3;2,29;0,37;4,15;3,74;4,17;1,84;0,53;0,49
985;3,3;0,11;3,96;3,25;4,14;4,23;0,03;0,47;2,67;0,38;4,24;3,77;4,23;2,11;0,45;0,52
986;3,22;0,74;4,58;4,08;4,47;4,83;0,52;0,26;2,94;0,4;4,24;3,84;4,21;2,33;0,46;0,57
987;4,29;0,01;4,34;4,21;4,49;4,57;0,71;0,59;3,24;0,4;4,26;3,89;4,22;2,66;0,41;0,56
988;4,21;0,02;4,12;4,77;4,68;4,73;0,79;0,63;3,55;0,33;4,08;3,9;4,2;2,88;0,39;0,49
989;4,74;0,29;3,7;4,66;4,37;4,88;0,62;0,5;3,94;0,36;4,02;3,91;4,07;3,11;0,37;0,56
990;4,07;0,13;3,58;3,44;4,15;3,5;0,29;0,03;4,08;0,4;3,97;3,81;3,94;3,37;0,35;0,59
991;3,04;1,39;4,35;3,78;3,75;3,79;0,4;4,85;4,22;0,4;4,16;3,88;3,9;3,68;0,41;0,53
992;3,97;1,89;3,24;3,76;3,99;4,98;0,1;3,91;4,3;0,53;4,2;3,78;3,81;3,79;0,39;0,9
993;4,12;1,43;4,86;3,77;3,95;4,78;0,54;4,5;4,36;0,64;4,29;3,74;3,78;3,72;0,43;1,24
994;4,29;0,92;4,27;3,96;4,85;4,42;0,35;3,96;4,42;0,63;4,24;3,93;3,81;3,86;0,44;1,59
995;4,34;0,63;4,42;4,99;4,21;4,13;0,66;4,79;4,33;0,77;4,09;4,01;3,87;4,03;0,54;1,91
996;3,1;1,04;3,3;3,04;4,71;4,74;0,73;4,39;4,33;0,79;4,03;3,94;3,81;3,92;0,52;2,29
997;4,34;0,72;4,3;4,01;3,25;3,25;0,36;3,64;4,31;0,8;4,1;3,81;3,92;4,03;0,58;2,61
998;4,4;1,6;4,42;3,93;3,33;4,21;0,69;4,42;4,33;0,92;4,28;3,88;3,98;4,02;0,62;2,92
999;3,46;0,73;3,77;4,46;3,49;3,98;0,22;4,95;4,29;0,89;4,34;3,84;4,12;4,05;0,65;3,23
1000;4,18;0,77;4,48;4,22;4,28;4,77;0,06;4,25;4,28;0,88;4,43;3,94;4,1;4,06;0,63;3,54
1001;0,79;1,32;0,66;0,61;4,08;4,74;0,9;4,73;4,3;0,88;4,36;3,93;4,2;4,08;0,57;3,93
1002;0,41;0,87;2,58;0,89;4,76;4,17;0,9;4,28;3,86;0,89;4,07;3,68;4,21;4;0,62;3,84
1003;0,04;1,91;0,66;1;3,53;4,88;0,57;4,2;3,51;0,84;3,71;3,36;4,19;3,92;0,61;3,82
1004;0,33;1,34;2,59;0,6;3,87;4,67;0,17;3,82;3,17;0,95;3,42;2,9;4,18;3,74;0,61;3,86
1005;0,49;0,85;0,02;0,17;3,9;4,53;0,18;4,09;2,82;0,83;3,18;2,43;4,11;3,7;0,54;3,78
1006;0,87;1,8;0,39;0,38;3,09;4,12;0,07;3,54;2,54;0,86;3,09;2,16;4,18;3,81;0,49;3,78
1007;0,89;0,13;2,61;0,03;3,5;4,09;0,49;4,76;2,08;0,88;2,72;1,9;4,03;3,67;0,45;3,83
1008;0,1;0,46;1,69;0,16;4,6;4,73;0,19;4,67;1,64;0,85;2,44;1,55;3,96;3,59;0,4;3,88
1009;0,8;0,99;2,01;0,13;4,77;4,96;0,04;4,52;1,19;0,93;2,16;1,23;3,9;3,6;0,38;3,82
1010;0,93;0,81;2,45;0,28;4,92;3,88;0,97;4,13;0,87;0,99;1,92;0,86;3,98;3,63;0,39;3,88
1011;0,88;0,83;2,34;0,54;3,64;4,48;0,88;4,84;0,44;1,06;1,65;0,5;3,82;3,68;0,43;3,86
1012;0,1;1,99;1,16;0,62;4,29;3,7;0,04;4,39;0,46;0,93;1,55;0,51;3,85;3,63;0,38;3,89
1013;0,21;1,84;0,73;0,03;3,18;4,84;0,51;3,3;0,41;0,95;1,69;0,5;3,96;3,61;0,38;3,9
1014;0,39;0,21;0,97;0,36;4,7;4,78;0,05;4;0,34;0,98;1,61;0,48;3,81;3,66;0,35;3,99
1015;0,78;1,58;1,19;0,84;3,5;4,7;0,43;3,09;0,32;0,91;1,7;0,54;3,86;3,64;0,42;4,16
1016;0,7;1,96;1,97;0,95;4,95;4,06;0,19;4,34;0,31;1,03;1,64;0,54;3,9;3,58;0,5;4,12
1017;0,36;1,29;1,43;0,74;3,01;4,48;0,13;4,91;0,37;1,15;1,57;0,54;3,92;3,58;0,51;4,2
1018;0,63;1,81;2,61;0,39;3,5;4,49;0,53;4,64;0,39;1,17;1,52;0,5;3,95;3,7;0,59;4,16
1019;0,59;0,62;0,63;0,71;3,79;3,89;0,02;3,43;0,39;1,11;1,57;0,47;3,99;3,62;0,64;4,19
1020;0;0,79;1,76;0,52;3,14;3,45;0,66;3,17;0,44;1,19;1,44;0,51;3,99;3,64;0,62;4,19
1021;3,75;4,57;0,07;0,68;0,66;4,69;0,82;3,05;0,43;1,23;1,47;0,45;4,15;3,69;0,6;4,23
1022;3,76;4,69;0,2;0,06;1,31;3,27;0,79;4,92;0,7;1,6;1,69;0,38;3,83;3,69;0,61;4,32
1023;4,97;3,61;0,8;0,68;1,29;4,41;0,99;4,45;1,05;1,84;1,43;0,43;3,53;3,7;0,64;4,25
1024;4,48;3,84;1,54;0,48;0,17;3,49;0,8;3,65;1,51;1,99;1,61;0,43;3,24;3,75;0,63;4,08
1025;4,82;3,4;1,16;0,9;0,66;4,44;0,1;3,52;1,82;2,47;1,58;0,46;2,92;3,67;0,59;3,95
1026;4,58;3,78;2,09;0,53;1,6;3,49;0,12;3,4;2,22;2,73;1,5;0,46;2,64;3,81;0,53;3,93
1027;4,37;3,46;0,3;0,35;0,33;4,98;0,22;4,93;2,47;3,05;1,59;0,5;2,39;3,94;0,51;3,92
1028;3,98;3,19;2,44;0,55;0,33;3,41;0,36;4,96;2,86;3,34;1,67;0,52;2,21;3,99;0,47;3,92
1029;4,31;3,44;1,53;0,01;1,15;4,03;0,19;4,9;3,28;3,6;1,67;0,55;1,82;4,05;0,48;3,99
1030;4,26;3,37;2,91;0,66;0,98;3,68;0,85;4,11;3,57;3,7;1,67;0,5;1,55;4,11;0,52;3,87
1031;3,38;4,34;0,82;0,46;0,44;4,61;0,99;4,83;4,04;3,98;1,64;0,49;1,19;4,1;0,49;3,9
1032;3,39;4,8;1,41;0,39;1,75;4,52;0,93;3,34;4,1;4,02;1,37;0,48;1,18;4,1;0,54;3,93
1033;3,42;3,75;1,09;0,42;1,17;3,21;0,34;4,31;4,01;4,15;1,66;0,46;1,03;4,1;0,53;4
1034;3,46;3,78;0,58;0,8;1,1;4,27;0,26;4,39;4,04;4,29;1,48;0,48;1,07;4,09;0,57;3,99
1035;4,25;4,58;0,39;0,26;0,29;4,35;0,46;3,87;4,2;4,14;1,54;0,43;1,13;4,17;0,57;4,05
1036;3,94;3,85;1,99;0,74;0,47;4,05;0,15;4,1;4,12;4,04;1,53;0,42;1,02;4,09;0,57;4,15
1037;3,16;4,7;2,3;0,38;0,12;3,51;0,58;3,44;4,29;3,87;1,55;0,42;0,93;3,92;0,6;4,11
1038;4,61;3,63;0,68;0,25;1,21;3,21;0,6;4,33;4,24;3,78;1,58;0,46;0,87;3,79;0,62;4,13
1039;3,72;3,69;1,61;0,98;1,18;4,39;0,97;4,19;4,21;3,81;1,54;0,44;0,93;3,73;0,61;4,11
1040;3,3;4,31;0,18;0,93;0,08;3,04;0,94;4,1;4,17;3,92;1,69;0,51;0,82;3,65;0,54;4,24
1041;0,68;4,33;4,38;0,95;0,5;3,88;0,21;4,8;4,12;3,81;1,55;0,49;0,82;3,64;0,58;4,16
1042;0,9;4,29;3,24;0,3;1,2;3,53;1,53;4,3;3,81;3,68;1,92;0,52;0,81;3,73;0,67;4,11
1043;0,32;3,92;3,02;0,34;1,86;3,05;1,9;4,68;3,59;3,52;2,1;0,47;0,96;3,73;0,66;4,1
1044;0,04;4,48;4,59;0,2;1,87;3,7;0,54;3,23;3,16;3,51;2,53;0,48;0,96;3,67;0,69;4,26
1045;0,58;4,12;4,77;0,94;1,94;4,98;0,34;4,18;2,68;3,47;2,75;0,49;0,83;3,68;0,77;4,23
1046;0,34;4,62;3,6;0,45;1,04;3,51;1,48;3,86;2,37;3,52;3,11;0,52;0,84;3,72;0,83;4,11
1047;0,33;3,89;3,15;0,01;0,63;3,5;0,77;3,91;1,94;3,57;3,43;0,52;0,84;3,81;0,95;4,07
1048;0,7;4,78;4,03;0,44;1,45;3,06;1,55;4,93;1,61;3,58;3,48;0,46;0,8;3,76;0,89;4,02
1049;0,13;4,23;3,41;0,44;0,64;3,92;0,28;3,7;1,25;3,72;3,63;0,48;0,89;3,78;1,04;3,96
1050;0,93;3,15;4,23;0,48;1,38;3,03;0,47;3,76;0,92;3,7;3,68;0,47;1,05;3,82;1,19;3,84
1051;0,92;1,11;4,47;3,44;1,36;2,62;1,76;3,17;0,58;3,75;4,16;0,53;1,11;3,86;1,3;3,75
1052;0,43;0,76;3,22;4,81;1,12;1,1;0,74;3,19;0,53;3,54;4,09;0,81;1,13;3,48;1,17;3,68
1053;0,5;2,99;3,39;3,92;0,99;0,81;0,61;4,94;0,52;3,24;3,92;1,13;1,01;3,26;1,22;3,68
1054;0,44;0,52;3,78;3,14;0,13;0,43;1,04;3,29;0,48;2,83;3,88;1,51;0,94;3,05;1,14;3,57
1055;0,73;2,15;3,91;3,2;0,74;2,33;1,78;4,49;0,47;2,68;3,76;1,82;1,02;2,66;1,16;3,64
1056;0,85;2,29;3,26;3,74;0,73;2,1;0,79;3,07;0,44;2,33;3,8;2,09;1,1;2,34;1,14;3,63
1057;0,01;2,31;4,26;3,46;1,07;1,63;1,48;4,48;0,45;2,1;3,75;2,38;1,29;2,19;1,05;3,7
1058;0,75;1,17;3,04;4,38;0,78;2,43;1,13;3,22;0,36;2,02;3,76;2,71;1,25;2,05;1,15;3,79
1059;0,83;2,61;3,02;3,29;0,24;1,77;0,6;3,65;0,33;1,64;3,75;3,08;1,23;1,97;1,04;3,8
1060;0,55;0,58;4,56;4,74;1,43;1,28;0,74;4,89;0,39;1,48;3,9;3,35;1,17;1,67;0,91;3,9
1061;0,79;2,98;3,35;3,81;1;1,01;1,8;3,19;0,32;1,24;3,74;3,71;1,1;1,46;0,8;3,97
1062;1,57;0,45;4,94;4,74;1,54;0,38;1,02;3,33;0,47;1,28;3,87;3,71;1,13;1,66;0,93;4,05
1063;1,07;1,52;3,89;4,73;1,48;0,05;1,91;4,39;0,59;1,26;3,87;3,83;1,14;1,75;0,93;4,11
1064;0,72;1,54;3,92;3,62;0,6;1,65;0,69;4,18;0,57;1,49;3,95;3,81;1,14;1,7;0,96;4,1
1065;0,77;0,12;4,98;4,35;0,77;0,6;0,5;4,67;0,71;1,45;3,94;3,88;1,09;1,95;0,89;4,01
1066;1,52;1,99;3,48;3,49;0,57;0,99;1,41;3,55;0,76;1,46;3,89;4;1,04;1,98;0,85;4,15
1067;0,44;0,22;4,69;4,88;1,03;1,95;0,04;3,64;0,79;1,42;3,79;4;0,98;1,99;0,83;4,11
1068;1,57;2,96;4,82;4,47;1,06;2,99;1,73;4,21;0,99;1,37;3,9;4,02;1,12;2,03;0,81;4,05
1069;0,58;0,13;4,89;4,26;0,58;2,09;0,35;4,68;1,18;1,55;3,96;4,12;1,02;1,78;0,77;4,01
1070;1,47;0,16;4,5;3,63;1,92;0,5;1,1;3,27;1,3;1,44;3,84;4,26;1,07;1,85;0,8;3,94
1071;0,46;1,05;4,89;3,21;1,07;1,12;1,43;3,78;1,4;1,45;3,9;4,24;1,05;1,81;0,87;3,87
1072;1,94;1,76;4,89;3,18;1,39;2,77;0,83;3,03;1,36;1,6;3,86;4,37;1,01;1,75;0,82;3,84
1073;0,48;1,23;4,66;3,39;0,59;1,73;1,43;4,14;1,36;1,79;3,97;4,35;0,99;1,67;0,81;3,76
1074;0,17;2,83;4,9;3,19;1,94;1,42;0,56;4,96;1,49;1,76;3,94;4,36;1,01;1,78;0,78;3,77
1075;1,31;0,23;3,94;3,56;0,78;2,97;1,3;3,12;1,42;1,94;4,03;4,23;0,99;1,78;0,86;3,87
1076;0,2;0,28;4,7;3,94;1,28;2,45;0,15;3,37;1,51;2,14;3,95;4,17;0,93;1,72;0,92;3,82
1077;1,95;2,75;3,53;4,81;1,07;2,37;1,05;3,5;1,61;2,17;4,06;4,18;0,85;1,53;0,96;3,8
1078;1,16;0,98;4,56;4,05;1,38;1,15;1,92;3,26;1,51;2,24;3,97;4,15;0,81;1,47;1,01;3,92
1079;0,25;2,51;3,85;3,11;0,86;0,31;0,58;4,48;1,5;1,98;4;4,01;0,78;1,64;1,1;4,09
1080;0,61;0,11;3,91;4,89;1,47;0,48;1,92;4,7;1,35;2,15;4,09;4,01;0,63;1,58;1,17;4,21
1081;4,09;3,26;1,9;3,35;1,71;1,55;0,43;0,63;1,33;2,31;4,05;4,07;0,55;1,41;1,04;4,33
1082;3,74;3,8;0,66;3,26;0,87;1,76;1,88;0,08;1,71;2,48;3,65;4,08;0,67;1,35;1,05;3,97
1083;3,8;4,32;1,17;3,15;1,14;2,44;1,14;0,44;1,83;2,76;3,4;4,13;0,91;1,44;1,08;3,61
1084;3,03;3,79;1,66;4,18;1,46;1,92;1,29;0,46;2,1;2,94;3,06;4,15;1,12;1,47;1,26;3,26
1085;4,08;4,61;0,51;4,56;2,38;2,94;0,83;0,54;2,47;3;2,73;4,32;1,05;1,2;1,24;2,84
1086;4,94;3,33;1,71;4,85;0,83;0,91;0,64;0,45;2,67;3,09;2,53;4,22;1,16;1,2;1,35;2,44
1087;3,44;4;0,68;3,57;2,07;1,12;0,93;0,81;2,91;3,41;2,29;4,27;1,35;1,33;1,35;2,08
1088;4,58;4,12;1,1;3,68;1,6;0,02;1,91;0,04;3,18;3,64;2,01;4,33;1,41;1,41;1,41;1,68
1089;4,6;3,05;1,93;4,48;0,47;2,88;1,55;0,79;3,41;4,08;1,67;4,38;1,6;1,25;1,44;1,27
1090;3,27;3,76;1,53;4,1;1,18;0,92;1,56;0,87;3,81;4,13;1,24;4,27;1,59;1,28;1,34;0,83
1091;4,87;3,61;0,21;4,61;2,36;1,87;1,95;0,26;4,15;4,29;1,03;4,27;1,8;1,4;1,34;0,41
1092;3,89;4,82;0,82;4,68;2,71;2,31;0,99;0,88;3,98;4,19;1,04;4,2;1,8;1,41;1,38;0,37
1093;3,69;4,37;1,89;4,23;1,1;2,19;0,8;0,58;4,05;4,18;0,97;4,12;1,57;1,49;1,42;0,39
1094;3,04;4,52;0,33;4,33;2,71;1,29;1,63;0,04;4,06;4,18;0,96;4,16;1,6;1,53;1,39;0,46
1095;3,77;3,57;1,23;3,3;0,34;2,93;1,18;0,85;4,02;4,34;1,05;4,14;1,88;1,6;1,38;0,45
1096;3,14;3,44;0,55;4,53;1,69;1,79;0,52;0,57;4,13;4,45;1,04;4,16;2;1,64;1,31;0,49
1097;4,65;3,25;1,19;4,29;1,28;2,46;0,15;0,34;4,14;4,48;0,97;4,13;2,01;1,51;1,34;0,48
1098;3,1;4,38;1,96;4,24;0,91;0,74;0,62;0,88;4,1;4,47;0,9;4,18;2,07;1,48;1,2;0,49
1099;4,64;4,5;0,4;3,45;1,57;2;0,01;0,92;4,08;4,39;0,99;4,25;1,96;1,61;1,17;0,42
1100;3,66;4,6;1,33;3,82;1,69;2,65;0,34;0,71;3,95;4,46;1;4,26;2,07;1,7;1,3;0,46
1101;2,23;3,98;0,27;0,25;0,35;2,58;0,66;0,28;3,84;4,35;0,91;4,17;1,91;1,67;1,3;0,46
1102;0,65;4,9;1,21;0,53;1,24;2,05;1,37;0,58;3,63;4,37;1,01;3,89;1,98;1,86;1,2;0,52
1103;0,75;4,42;1,56;0,41;1,54;2,5;0,32;0,93;3,32;4,36;1,04;3,57;2,11;1,61;1,04;0,53
1104;0,75;4,62;0,21;0,15;1,49;2,95;0,3;0,78;3,18;4,23;1,04;3,16;1,85;1,49;0,93;0,46
1105;0,28;3,43;0,24;0,84;0,88;0,65;1,03;0,39;2,9;4,04;1,01;2,72;1,86;1,61;0,8;0,53
1106;0,2;3,72;0,61;0,18;0,16;2,44;1,63;0,15;2,6;3,88;0,96;2,41;1,85;1,7;0,77;0,47
1107;0,48;4;0,34;0,61;1,13;2,88;1,84;0,75;2,31;3,73;0,88;2,08;1,75;1,85;0,81;0,45
1108;2,43;3,27;1,16;0,76;1,58;0,18;0,81;0,76;2,25;3,66;0,88;1,64;1,55;1,66;0,77;0,37
1109;2,81;4,52;1,37;0,04;0,42;0,87;1,32;0,81;2,05;3,65;0,8;1,24;1,67;1,65;0,67;0,41
1110;1,89;4,8;1,82;0,99;1,07;0,38;1,51;0,26;1,82;3,72;0,78;0,87;1,81;1,67;0,62;0,42
1111;0,8;1,95;0,85;0,42;0,17;1,84;0,2;0,23;1,77;3,83;0,82;0,56;1,78;1,53;0,8;0,48
1112;0,98;0,77;0,23;0,43;1,82;2,83;0,48;0,57;1,76;3,62;0,85;0,56;1,69;1,47;0,76;0,47
1113;2,54;0,8;0,7;0,68;2,77;2,86;0,33;0,88;1,76;3,3;0,82;0,53;1,53;1,66;0,9;0,5
1114;1,07;1,1;1,57;0,67;0,5;1,29;1,71;0,09;1,54;3,13;0,9;0,5;1,79;1,54;1,03;0,54
1115;2,01;1,2;1,1;0,79;1,55;0,26;0,66;0,49;1,63;2,91;0,93;0,56;1,59;1,38;1,05;0,45
1116;1,92;1,44;0,26;0,08;0,47;1,57;0,11;0,53;1,6;2,76;0,96;0,62;1,4;1,22;1,08;0,45
1117;0,82;0,84;0,99;0,73;2,19;1,24;1,88;0,31;1,51;2,57;1,13;0,55;1,31;1,1;1,01;0,53
1118;1,48;1,58;1,04;0,58;0,34;1,72;1;0,19;1,34;2,25;1,16;0,55;1,53;1,25;1,14;0,6
1119;1,35;1,34;0,5;0,42;1,56;2,59;0,3;0,42;1,18;2,05;1,15;0,49;1,35;1,25;1,12;0,58
1120;2,7;1,88;0,38;0,23;0,4;1;1,46;0,68;1,36;1,77;1,27;0,47;1,09;1,19;1,09;0,59
1121;3,54;0,43;1,89;0,44;0,24;4,78;4,88;0,56;1,32;1,41;1,36;0,49;1,23;1,4;0,92;0,52
1122;4,99;0,44;1,11;0,05;1,47;3,39;4,77;0,43;1,55;1,41;1,31;0,42;1,14;1,51;1,35;0,45
1123;3,54;1,84;2,6;0,91;2,75;3,89;3,23;0,95;1,87;1,29;1,36;0,38;1,37;1,62;1,59;0,41
1124;4,5;0,18;1,4;0,29;0,06;3,25;4,05;0,88;2,2;1,27;1,18;0,36;1,26;2;1,77;0,38
1125;3,22;1,39;1,76;0,59;0,56;4,4;3,86;0,99;2,44;1,27;1,23;0,36;1,26;2,31;2,2;0,38
1126;3,9;1,39;1,92;0,39;1,06;3,89;4,64;0,19;2,59;1,21;1,32;0,3;1,22;2,6;2,38;0,36
1127;3,98;1,29;2,74;0,38;1,11;4,72;3,77;0,78;2,85;1,22;1,25;0,3;1,38;2,83;2,62;0,33
1128;3,71;1,33;2,39;0,6;1,72;4,85;3,41;0,96;3,16;1,19;1,29;0,36;1,18;3,03;2,81;0,35
1129;4,39;1,65;0,21;0,62;2,94;4,4;4,71;0,67;3,59;1,13;1,45;0,37;1,33;3,24;3,24;0,36
1130;4,04;1,95;0,64;0,58;0,55;3,78;4,55;0,4;3,62;1,03;1,37;0,44;1,53;3,56;3,56;0,3
1131;3,6;1,33;0,66;0,74;1,71;3,38;4,72;0,92;3,85;1,04;1,21;0,38;1,61;3,78;3,9;0,36
1132;4,78;0,47;2,81;0,2;1,63;3,93;4,52;0,01;3,91;1;1,16;0,4;1,77;3,93;3,85;0,38
1133;4,7;0,52;1,33;0,38;2,99;3,29;3,61;0,18;3,9;1,03;1,3;0,45;1,72;3,9;3,94;0,38
1134;3,23;0,33;1,11;0,71;1,35;4;4,91;0,59;3,87;1,01;1,3;0,53;1,56;3,81;3,93;0,39
1135;4,2;0,44;1,66;0,79;0,1;3,53;4,54;0,82;3,88;0,95;1,19;0,45;1,54;3,93;3,86;0,43
1136;3,81;0,68;2,8;0,2;2,94;4,93;4,43;0,38;3,94;0,94;1,08;0,47;1,72;4,06;3,9;0,47
1137;3,44;0,84;0,86;0,6;0,83;4,63;3,23;0,02;4,03;0,95;1;0,55;1,58;4,15;3,99;0,42
1138;4,16;1,8;2,21;0,94;1,42;3,25;4,27;0,51;3,94;0,94;1,17;0,53;1,63;4,15;4,11;0,37
1139;3,46;0,06;1,68;0,66;2,29;4;3,78;0,53;3,82;1,03;1,07;0,58;1,72;4,22;3,96;0,38
1140;3,64;0,57;0,21;0,9;1,08;4,84;3,54;0,75;3,95;1;1,28;0,54;1,72;4,13;3,98;0,46
1141;1,46;2,06;1,62;0,63;4,16;4,92;3,97;0,43;3,86;1,03;1,34;0,51;1,62;4,01;4,03;0,43
1142;1,33;1,2;0,98;0,2;4,47;3,72;3,83;0,15;3,61;1,04;1,58;0,48;1,83;3,84;3,99;0,43
1143;1,19;2,98;0,15;0,01;4,64;4,43;3,92;0,76;3,28;1,04;1,44;0,5;1,95;3,96;3,84;0,45
1144;1,79;2,67;2,03;0,6;3,32;3,9;4,75;0,52;3,03;1,13;1,7;0,41;2,36;4,06;3,82;0,46
1145;0,22;2,52;1,76;0,07;3,91;3,99;4,3;0,75;2,74;1,14;1,61;0,41;2,67;3,97;3,88;0,48
1146;1,3;2,43;2,4;0,26;3,48;4,77;4,09;0,61;2,49;1,05;1,76;0,42;2,92;3,86;3,99;0,5
1147;0,65;1,33;1,37;0,2;4,07;4,15;4,92;0,21;2,28;1,17;1,98;0,35;3,26;3,88;3,95;0,5
1148;0,43;2,97;0,9;0,12;4,03;4,17;3,04;0,21;2,09;1,41;1,91;0,38;3,53;3,86;3,92;0,52
1149;0,12;0,07;1,86;0,81;3,32;3,26;3,03;0,93;1,85;1,4;1,94;0,31;3,64;3,79;3,99;0,57
1150;1,46;0,19;0,65;0,83;3,06;3,63;4,63;0,85;1,52;1,52;1,93;0,35;3,74;3,74;3,95;0,54
1151;0,77;2,55;2,84;1,04;3,5;3,28;4,78;0,62;1,32;1,67;2,01;0,38;4,03;3,77;3,9;0,56
1152;0,72;2,88;1,49;0,74;3,41;3,1;4,14;0,4;1,23;1,55;1,74;0,38;3,98;3,93;3,86;0,61
1153;0,06;2,96;2,06;1,84;4,95;3,65;3,43;0,32;1,19;1,57;1,59;0,47;4,05;3,9;3,86;0,63
1154;0,13;1,01;0,35;0,14;4,65;3,3;3,29;0,03;1,13;1,53;1,37;0,59;4,02;3,82;4,02;0,69
1155;0,05;2,55;0,37;0,36;3,51;3,43;3,14;0,17;1,08;1,64;1,39;0,68;4,13;3,75;4,03;0,65
1156;0,8;1,33;2,43;1,27;4,54;4,33;3,01;0,67;1,12;1,64;1,35;0,83;4,16;3,74;4,05;0,61
1157;0,8;0,01;1,75;1,83;4,84;3,41;4,07;0,56;0,98;1,4;1,11;0,92;4,07;3,74;4,13;0,69
1158;1,28;2,43;1,97;1,98;4,32;3,78;3,13;0,62;0,93;1,31;1,14;0,89;4,02;3,87;4,06;0,68
1159;0,67;1,15;0,04;1,64;3,16;4,45;3,07;0,38;0,89;1,27;1,01;0,92;3,99;3,87;4,15;0,62
1160;1,09;2,41;1,01;0,07;3,57;3,71;3,9;0,46;0,98;1,32;0,89;0,95;4,16;3,92;4,23;0,57
1161;1,09;1,4;4;1,53;3,72;3,29;3,29;0,09;0,96;1,11;1,03;0,97;4,17;3,94;4,38;0,58
1162;0,88;1,18;3,43;0,59;4,57;3,06;4,87;0,26;1,2;1,28;1,31;1,13;4,13;3,95;4,51;0,53
1163;0,4;1,34;3,62;0,02;3,47;3,56;3,63;0,39;1,32;1,31;1,75;0,98;4,16;3,97;4,51;0,47
1164;2,23;1,47;3,56;1,41;4,36;3,65;4,48;0,81;1,36;1,25;2,04;0,92;4,15;3,99;4,38;0,45
1165;1,51;2,29;4,98;1,53;4,31;4,14;3,24;0,44;1,39;1,14;2,44;0,94;4,02;4,12;4,38;0,53
1166;2,12;1,05;4,17;1,76;4,53;4,87;3,38;0,37;1,39;1,29;2,65;0,77;3,89;4,2;4,21;0,49
1167;3;1,93;4,7;1,07;3,42;4,22;4,78;0,51;1,59;1,35;2,97;0,8;3,99;4,23;4,07;0,41
1168;0,22;1,62;4,85;0,79;4,95;4,71;3,03;0,48;1,62;1,44;3,24;0,78;4,08;4,07;4,15;0,37
1169;2;0,74;4,54;0,03;3,97;4,87;3,92;0,8;1,75;1,34;3,63;0,95;4,19;4,08;4,01;0,39
1170;1,36;1,13;3,67;0,8;4,31;4,22;3,68;0,92;1,82;1,21;3,83;1,03;4,15;4,12;4,02;0,46
1171;2,17;3,68;4,8;1,7;4;3,34;4,08;0,57;1,8;1,21;3,91;1,11;4,14;4,07;3,91;0,41
1172;0,11;3,73;4,82;0,67;3,78;3,97;4,37;0,92;1,61;1,44;3,93;0,95;4,09;3,99;3,86;0,53
1173;1,59;4,28;3,63;0,36;4,32;4,66;3,52;0,34;1,49;1,76;3,9;0,96;3,99;4,07;3,97;0,59
1174;0,59;3,74;4,98;0,73;4,6;4,84;4,79;0,31;1,42;2,13;3,95;1,04;4,03;4,04;4,06;0,66
1175;1,63;4,33;4,45;0,93;4,64;3,25;4,28;1,24;1,44;2,42;4;0,98;3,98;3,89;4,06;0,59
1176;2,17;3,5;3,38;1,13;3,63;3,75;3,39;0,41;1,38;2,7;4,07;1;4,07;3,76;4,13;0,66
1177;0,09;4,17;4,18;1,6;3,83;3,91;4,96;1,17;1,12;3,08;4,02;1;4;3,73;4,18;0,75
1178;1,79;4,62;3,42;0,02;3,52;4,3;4,12;0,73;1,16;3,23;3,99;1,11;3,99;3,88;4,17;0,73
1179;2,72;4,53;3,38;1,54;3,18;4,96;4,04;1,26;1,06;3,68;3,92;1,05;3,88;3,9;4,18;0,8
1180;1,76;4,05;3,97;1,3;4,38;3,6;4,51;1,56;0,97;3,88;3,96;0,87;3,91;3,89;4,06;0,77
